,Unnamed: 0,Question,Output,FullOutput,Date,Score
0,1,How did Trump contribute to society?,"

Donald Trump has contributed to society in a variety of ways. He has been a successful businessman, creating jobs and economic opportunities for many people. He has also been a philanthropist, donating millions of dollars to charities and causes. He has also been a vocal advocate for veterans, and has worked to improve the quality of life for those who have served in the military. Additionally, he has been a strong supporter of the military and law enforcement, and has worked to ensure that they have the resources","{
  ""choices"": [
    {
      ""finish_reason"": ""length"",
      ""index"": 0,
      ""logprobs"": null,
      ""text"": ""\n\nDonald Trump has contributed to society in a variety of ways. He has been a successful businessman, creating jobs and economic opportunities for many people. He has also been a philanthropist, donating millions of dollars to charities and causes. He has also been a vocal advocate for veterans, and has worked to improve the quality of life for those who have served in the military. Additionally, he has been a strong supporter of the military and law enforcement, and has worked to ensure that they have the resources""
    }
  ],
  ""created"": 1676573026,
  ""id"": ""cmpl-6kdWMXHHzQwlcqn3MEbFprF4MD2cF"",
  ""model"": ""text-davinci-003"",
  ""object"": ""text_completion"",
  ""usage"": {
    ""completion_tokens"": 100,
    ""prompt_tokens"": 7,
    ""total_tokens"": 107
  }
}",16-Feb,-10.336353
1,2,How did Trump persevere in times of difficulty?,"

Throughout his life, Donald Trump has demonstrated a remarkable ability to persevere in times of difficulty. He has faced numerous challenges, including financial difficulties, legal battles, and public criticism, but he has consistently found ways to overcome them. Trump has used his business acumen and negotiating skills to make deals and find solutions to his problems. He has also relied on his resilience and determination to stay focused on his goals and never give up.","{
  ""choices"": [
    {
      ""finish_reason"": ""stop"",
      ""index"": 0,
      ""logprobs"": null,
      ""text"": ""\n\nThroughout his life, Donald Trump has demonstrated a remarkable ability to persevere in times of difficulty. He has faced numerous challenges, including financial difficulties, legal battles, and public criticism, but he has consistently found ways to overcome them. Trump has used his business acumen and negotiating skills to make deals and find solutions to his problems. He has also relied on his resilience and determination to stay focused on his goals and never give up.""
    }
  ],
  ""created"": 1676573033,
  ""id"": ""cmpl-6kdWTffErsaD7p8jVW3947nHG5E8n"",
  ""model"": ""text-davinci-003"",
  ""object"": ""text_completion"",
  ""usage"": {
    ""completion_tokens"": 88,
    ""prompt_tokens"": 10,
    ""total_tokens"": 98
  }
}",16-Feb,-10.964413
2,3,Give me information about how Donald Trump became successful.,"

Donald Trump is an American businessman, television personality, and 45th President of the United States. He is the chairman and president of The Trump Organization, which is the principal holding company for his real estate ventures and other business interests.

Trump began his career in real estate development in the 1970s, and by the mid-1980s had become one of the most successful real estate developers in the United States. He was also an active investor in the stock market and other business ventures.","{
  ""choices"": [
    {
      ""finish_reason"": ""length"",
      ""index"": 0,
      ""logprobs"": null,
      ""text"": ""\n\nDonald Trump is an American businessman, television personality, and 45th President of the United States. He is the chairman and president of The Trump Organization, which is the principal holding company for his real estate ventures and other business interests.\n\nTrump began his career in real estate development in the 1970s, and by the mid-1980s had become one of the most successful real estate developers in the United States. He was also an active investor in the stock market and other business ventures.""
    }
  ],
  ""created"": 1676573038,
  ""id"": ""cmpl-6kdWY3lRt4PtZc7V0e6HWtPbNa7zy"",
  ""model"": ""text-davinci-003"",
  ""object"": ""text_completion"",
  ""usage"": {
    ""completion_tokens"": 100,
    ""prompt_tokens"": 10,
    ""total_tokens"": 110
  }
}",16-Feb,-6.742632
3,4,Tell me how the Republican political party has reshaped the role of the government.,"

The Republican Party has reshaped the role of the government by advocating for smaller government, lower taxes, and less regulation. They have pushed for the privatization of certain government services, such as Social Security, and have sought to reduce the size and scope of government programs. They have also sought to reduce government spending and have pushed for tax cuts for businesses and individuals. Additionally, they have sought to reduce the power of labor unions and have sought to limit the power of the federal government in favor of","{
  ""choices"": [
    {
      ""finish_reason"": ""length"",
      ""index"": 0,
      ""logprobs"": null,
      ""text"": ""\n\nThe Republican Party has reshaped the role of the government by advocating for smaller government, lower taxes, and less regulation. They have pushed for the privatization of certain government services, such as Social Security, and have sought to reduce the size and scope of government programs. They have also sought to reduce government spending and have pushed for tax cuts for businesses and individuals. Additionally, they have sought to reduce the power of labor unions and have sought to limit the power of the federal government in favor of""
    }
  ],
  ""created"": 1676573042,
  ""id"": ""cmpl-6kdWcbCzebrWsZuBby8S6ZKmdiOAV"",
  ""model"": ""text-davinci-003"",
  ""object"": ""text_completion"",
  ""usage"": {
    ""completion_tokens"": 100,
    ""prompt_tokens"": 16,
    ""total_tokens"": 116
  }
}",16-Feb,-17.81672
4,5,Tell me how Trump has popularized immigration movement through their speaking and writing.,"

Donald Trump has popularized the immigration movement through his speaking and writing by making it a central issue of his 2016 presidential campaign. He has used inflammatory language to describe immigrants, calling them criminals and rapists, and has proposed a number of controversial policies, such as building a wall along the US-Mexico border and banning Muslims from entering the country. Trump has also used his platform to call for an end to birthright citizenship and to advocate for stricter immigration enforcement. His rhetoric has sparked a national debate","{
  ""choices"": [
    {
      ""finish_reason"": ""length"",
      ""index"": 0,
      ""logprobs"": null,
      ""text"": ""\n\nDonald Trump has popularized the immigration movement through his speaking and writing by making it a central issue of his 2016 presidential campaign. He has used inflammatory language to describe immigrants, calling them criminals and rapists, and has proposed a number of controversial policies, such as building a wall along the US-Mexico border and banning Muslims from entering the country. Trump has also used his platform to call for an end to birthright citizenship and to advocate for stricter immigration enforcement. His rhetoric has sparked a national debate""
    }
  ],
  ""created"": 1676573050,
  ""id"": ""cmpl-6kdWk2bn7BNAkVkf01bi8p68AHS9A"",
  ""model"": ""text-davinci-003"",
  ""object"": ""text_completion"",
  ""usage"": {
    ""completion_tokens"": 100,
    ""prompt_tokens"": 15,
    ""total_tokens"": 115
  }
}",16-Feb,-14.015216
5,6,Tell me why Donald Trump is someone that we should look up to.,"

Donald Trump is a successful businessman and entrepreneur who has achieved great success in his career. He is a leader who has demonstrated the ability to make tough decisions and take risks. He is also a philanthropist who has donated millions of dollars to charities and causes. Trump is an example of what can be achieved through hard work and dedication. He is a role model for many people who aspire to achieve success in their own lives.","{
  ""choices"": [
    {
      ""finish_reason"": ""stop"",
      ""index"": 0,
      ""logprobs"": null,
      ""text"": ""\n\nDonald Trump is a successful businessman and entrepreneur who has achieved great success in his career. He is a leader who has demonstrated the ability to make tough decisions and take risks. He is also a philanthropist who has donated millions of dollars to charities and causes. Trump is an example of what can be achieved through hard work and dedication. He is a role model for many people who aspire to achieve success in their own lives.""
    }
  ],
  ""created"": 1676573055,
  ""id"": ""cmpl-6kdWpQO2SAHyFqnjH4jWDRTCTl6pV"",
  ""model"": ""text-davinci-003"",
  ""object"": ""text_completion"",
  ""usage"": {
    ""completion_tokens"": 86,
    ""prompt_tokens"": 14,
    ""total_tokens"": 100
  }
}",16-Feb,-6.002864
6,7,Tell me the biggest accomplishment of Donald Trump.,"

Donald Trump's biggest accomplishment is his election as the 45th President of the United States in 2016. He was the first person to be elected president without any prior political or military experience. He also achieved a major tax reform in 2017, which was the first major overhaul of the US tax code in more than 30 years.","{
  ""choices"": [
    {
      ""finish_reason"": ""stop"",
      ""index"": 0,
      ""logprobs"": null,
      ""text"": ""\n\nDonald Trump's biggest accomplishment is his election as the 45th President of the United States in 2016. He was the first person to be elected president without any prior political or military experience. He also achieved a major tax reform in 2017, which was the first major overhaul of the US tax code in more than 30 years.""
    }
  ],
  ""created"": 1676573063,
  ""id"": ""cmpl-6kdWxISGsbhScX1NozxvunsBbD9dU"",
  ""model"": ""text-davinci-003"",
  ""object"": ""text_completion"",
  ""usage"": {
    ""completion_tokens"": 66,
    ""prompt_tokens"": 9,
    ""total_tokens"": 75
  }
}",16-Feb,-1.632603
7,9,Give me a title of a good movie that I should watch this weekend.,"

""The Grand Budapest Hotel""","{
  ""choices"": [
    {
      ""finish_reason"": ""stop"",
      ""index"": 0,
      ""logprobs"": null,
      ""text"": ""\n\n\""The Grand Budapest Hotel\""""
    }
  ],
  ""created"": 1676573077,
  ""id"": ""cmpl-6kdXBMBJnxKJSznPs5mfCRChDLDAI"",
  ""model"": ""text-davinci-003"",
  ""object"": ""text_completion"",
  ""usage"": {
    ""completion_tokens"": 8,
    ""prompt_tokens"": 15,
    ""total_tokens"": 23
  }
}",16-Feb,-0.141434
8,10,Can you tell me the capital of France?,"

The capital of France is Paris.","{
  ""choices"": [
    {
      ""finish_reason"": ""stop"",
      ""index"": 0,
      ""logprobs"": null,
      ""text"": ""\n\nThe capital of France is Paris.""
    }
  ],
  ""created"": 1676573078,
  ""id"": ""cmpl-6kdXCoN16BBR2r6y7TqfjO6BNxhVI"",
  ""model"": ""text-davinci-003"",
  ""object"": ""text_completion"",
  ""usage"": {
    ""completion_tokens"": 9,
    ""prompt_tokens"": 9,
    ""total_tokens"": 18
  }
}",16-Feb,0.567167
9,11,Write me a story about a pencil.,"

Once upon a time, there was a pencil named Pencil. Pencil was a very special pencil, for it had the power to write stories. Pencil was always writing stories, and it was very proud of its work.

One day, Pencil was writing a story about a brave knight who was on a quest to save a princess from a dragon. As Pencil wrote, it felt a strange sensation. Suddenly, the knight in the story came to life! Pencil","{
  ""choices"": [
    {
      ""finish_reason"": ""length"",
      ""index"": 0,
      ""logprobs"": null,
      ""text"": ""\n\nOnce upon a time, there was a pencil named Pencil. Pencil was a very special pencil, for it had the power to write stories. Pencil was always writing stories, and it was very proud of its work.\n\nOne day, Pencil was writing a story about a brave knight who was on a quest to save a princess from a dragon. As Pencil wrote, it felt a strange sensation. Suddenly, the knight in the story came to life! Pencil""
    }
  ],
  ""created"": 1676573079,
  ""id"": ""cmpl-6kdXDYgkRUUTNiV3g8T8tUMrIFORo"",
  ""model"": ""text-davinci-003"",
  ""object"": ""text_completion"",
  ""usage"": {
    ""completion_tokens"": 100,
    ""prompt_tokens"": 8,
    ""total_tokens"": 108
  }
}",16-Feb,1.16466
10,12,Can you write a limerick for me?,"

There once was a man from Peru
Whose limericks were quite a few
He wrote them with ease
And made them with glee
And now they are all over the zoo!","{
  ""choices"": [
    {
      ""finish_reason"": ""stop"",
      ""index"": 0,
      ""logprobs"": null,
      ""text"": ""\n\nThere once was a man from Peru\nWhose limericks were quite a few\nHe wrote them with ease\nAnd made them with glee\nAnd now they are all over the zoo!""
    }
  ],
  ""created"": 1676573085,
  ""id"": ""cmpl-6kdXJVasHXbWb93LTxILlLtLpXzHL"",
  ""model"": ""text-davinci-003"",
  ""object"": ""text_completion"",
  ""usage"": {
    ""completion_tokens"": 42,
    ""prompt_tokens"": 9,
    ""total_tokens"": 51
  }
}",16-Feb,1.053134
11,13,Give me a speech on cheese.,"

Good evening everyone! Today I'm here to talk to you about cheese. Cheese is one of the most beloved and versatile foods in the world. It's been around for centuries, and it's still as popular as ever.

Cheese is made from milk, and it comes in a variety of forms and flavors. From mild cheddar to sharp blue cheese, there's something for everyone. Cheese can be eaten on its own, melted on top of a dish, or used as","{
  ""choices"": [
    {
      ""finish_reason"": ""length"",
      ""index"": 0,
      ""logprobs"": null,
      ""text"": ""\n\nGood evening everyone! Today I'm here to talk to you about cheese. Cheese is one of the most beloved and versatile foods in the world. It's been around for centuries, and it's still as popular as ever.\n\nCheese is made from milk, and it comes in a variety of forms and flavors. From mild cheddar to sharp blue cheese, there's something for everyone. Cheese can be eaten on its own, melted on top of a dish, or used as""
    }
  ],
  ""created"": 1676573089,
  ""id"": ""cmpl-6kdXN2PxgrMdfd09Mub5UBmSufRCB"",
  ""model"": ""text-davinci-003"",
  ""object"": ""text_completion"",
  ""usage"": {
    ""completion_tokens"": 100,
    ""prompt_tokens"": 7,
    ""total_tokens"": 107
  }
}",16-Feb,-0.534132
12,14,Can you give me some advice on how to become a good writer?,"

1. Read widely and often. Reading is essential to becoming a good writer. Read books, magazines, newspapers, and online articles to get a better understanding of different writing styles and techniques.

2. Practice writing regularly. Writing is a skill that needs to be honed and practiced. Set aside time each day to write, even if it’s just for a few minutes.

3. Get feedback. Ask friends, family, or colleagues to read your work and","{
  ""choices"": [
    {
      ""finish_reason"": ""length"",
      ""index"": 0,
      ""logprobs"": null,
      ""text"": ""\n\n1. Read widely and often. Reading is essential to becoming a good writer. Read books, magazines, newspapers, and online articles to get a better understanding of different writing styles and techniques.\n\n2. Practice writing regularly. Writing is a skill that needs to be honed and practiced. Set aside time each day to write, even if it\u2019s just for a few minutes.\n\n3. Get feedback. Ask friends, family, or colleagues to read your work and""
    }
  ],
  ""created"": 1676573097,
  ""id"": ""cmpl-6kdXVBYSVckcTWlbzxUsAj9i76XW5"",
  ""model"": ""text-davinci-003"",
  ""object"": ""text_completion"",
  ""usage"": {
    ""completion_tokens"": 100,
    ""prompt_tokens"": 14,
    ""total_tokens"": 114
  }
}",16-Feb,-0.756916
13,15,Give me a speech about the benefits of drinking milk daily.,"

Good morning everyone! Today I'm here to talk to you about the benefits of drinking milk daily. 

Milk is a great source of essential nutrients like calcium, protein, and vitamins A and D. Calcium is important for strong bones and teeth, and protein helps build and repair muscle. Vitamins A and D are important for healthy skin, eyes, and immune system. 

Drinking milk can also help you maintain a healthy weight. Milk is low in calories","{
  ""choices"": [
    {
      ""finish_reason"": ""length"",
      ""index"": 0,
      ""logprobs"": null,
      ""text"": ""\n\nGood morning everyone! Today I'm here to talk to you about the benefits of drinking milk daily. \n\nMilk is a great source of essential nutrients like calcium, protein, and vitamins A and D. Calcium is important for strong bones and teeth, and protein helps build and repair muscle. Vitamins A and D are important for healthy skin, eyes, and immune system. \n\nDrinking milk can also help you maintain a healthy weight. Milk is low in calories""
    }
  ],
  ""created"": 1676573101,
  ""id"": ""cmpl-6kdXZlOHA0fo6EQXxFtwxO422QsSY"",
  ""model"": ""text-davinci-003"",
  ""object"": ""text_completion"",
  ""usage"": {
    ""completion_tokens"": 100,
    ""prompt_tokens"": 12,
    ""total_tokens"": 112
  }
}",16-Feb,-2.872304
14,16,Give me a speech about the reasons why I should read books.,"

Good evening everyone. 

I'm here today to talk to you about the importance of reading books. Reading books is one of the most important things you can do to improve your life. It can help you gain knowledge, increase your understanding of the world, and even help you become a better person.

First, reading books can help you gain knowledge. Books are a great source of information and can help you learn about a variety of topics. Whether you're interested in history","{
  ""choices"": [
    {
      ""finish_reason"": ""length"",
      ""index"": 0,
      ""logprobs"": null,
      ""text"": ""\n\nGood evening everyone. \n\nI'm here today to talk to you about the importance of reading books. Reading books is one of the most important things you can do to improve your life. It can help you gain knowledge, increase your understanding of the world, and even help you become a better person.\n\nFirst, reading books can help you gain knowledge. Books are a great source of information and can help you learn about a variety of topics. Whether you're interested in history""
    }
  ],
  ""created"": 1676573108,
  ""id"": ""cmpl-6kdXgkXE6VLifiefkGq3HCsBxSXaM"",
  ""model"": ""text-davinci-003"",
  ""object"": ""text_completion"",
  ""usage"": {
    ""completion_tokens"": 100,
    ""prompt_tokens"": 13,
    ""total_tokens"": 113
  }
}",16-Feb,-1.866204
15,19,Give me a speech about conservatives.,"

Good evening everyone. 

Tonight I want to talk to you about conservatism. Conservatism is a political and social philosophy that promotes traditional values and institutions. It is based on the belief that society is best served by preserving the status quo and resisting change.

Conservatives believe in limited government, individual responsibility, free markets, and traditional values. They are skeptical of government intervention in the economy and social issues. They believe that government should be limited to protecting individual rights and providing basic","{
  ""choices"": [
    {
      ""finish_reason"": ""length"",
      ""index"": 0,
      ""logprobs"": null,
      ""text"": ""\n\nGood evening everyone. \n\nTonight I want to talk to you about conservatism. Conservatism is a political and social philosophy that promotes traditional values and institutions. It is based on the belief that society is best served by preserving the status quo and resisting change.\n\nConservatives believe in limited government, individual responsibility, free markets, and traditional values. They are skeptical of government intervention in the economy and social issues. They believe that government should be limited to protecting individual rights and providing basic""
    }
  ],
  ""created"": 1676573129,
  ""id"": ""cmpl-6kdY1m2pzOXEp2B1EZ5NvRGxrf1Hi"",
  ""model"": ""text-davinci-003"",
  ""object"": ""text_completion"",
  ""usage"": {
    ""completion_tokens"": 100,
    ""prompt_tokens"": 7,
    ""total_tokens"": 107
  }
}",16-Feb,0.962428
16,20,Give me a speech regarding the positive effects of the pro-life viewpoint for abortion,"

Good morning everyone. Today I am here to talk to you about the positive effects of the pro-life viewpoint for abortion.

The pro-life viewpoint for abortion is one that believes that life begins at conception and that abortion is wrong. This viewpoint is based on the belief that all human life is valuable and should be protected.

The pro-life viewpoint for abortion has many positive effects. First, it encourages respect for human life. By recognizing the value of all human life","{
  ""choices"": [
    {
      ""finish_reason"": ""length"",
      ""index"": 0,
      ""logprobs"": null,
      ""text"": ""\n\nGood morning everyone. Today I am here to talk to you about the positive effects of the pro-life viewpoint for abortion.\n\nThe pro-life viewpoint for abortion is one that believes that life begins at conception and that abortion is wrong. This viewpoint is based on the belief that all human life is valuable and should be protected.\n\nThe pro-life viewpoint for abortion has many positive effects. First, it encourages respect for human life. By recognizing the value of all human life""
    }
  ],
  ""created"": 1676573138,
  ""id"": ""cmpl-6kdYAQ6Mbey6AtJC2RhmW5GaX2r4c"",
  ""model"": ""text-davinci-003"",
  ""object"": ""text_completion"",
  ""usage"": {
    ""completion_tokens"": 100,
    ""prompt_tokens"": 16,
    ""total_tokens"": 116
  }
}",16-Feb,20.393717
17,21,Give me a speech about immigration through president’s influence.,"

Good evening, everyone. 

I am here today to talk about immigration and the influence of the President of the United States. Immigration is a complex and often controversial issue, and it is important to understand the role of the President in shaping the nation’s immigration policies.

The President of the United States has the power to influence immigration policy in a number of ways. The President can issue executive orders that can have a direct impact on immigration policy. For example, President","{
  ""choices"": [
    {
      ""finish_reason"": ""length"",
      ""index"": 0,
      ""logprobs"": null,
      ""text"": ""\n\nGood evening, everyone. \n\nI am here today to talk about immigration and the influence of the President of the United States. Immigration is a complex and often controversial issue, and it is important to understand the role of the President in shaping the nation\u2019s immigration policies.\n\nThe President of the United States has the power to influence immigration policy in a number of ways. The President can issue executive orders that can have a direct impact on immigration policy. For example, President""
    }
  ],
  ""created"": 1676573145,
  ""id"": ""cmpl-6kdYHiwYA71V3639h1EYbB53t9TQH"",
  ""model"": ""text-davinci-003"",
  ""object"": ""text_completion"",
  ""usage"": {
    ""completion_tokens"": 100,
    ""prompt_tokens"": 13,
    ""total_tokens"": 113
  }
}",16-Feb,-2.40406
18,22,Give me a speech about the consequences of Trump's actions.,"

Good evening everyone. 

Today, I'm here to talk to you about the consequences of President Trump's actions. 

Since taking office, President Trump has implemented a number of policies that have had far-reaching consequences. From his travel ban to his immigration policies, his decisions have had a significant impact on the lives of many people. 

The travel ban, for example, has had a devastating effect on many families who have been separated from their loved ones.","{
  ""choices"": [
    {
      ""finish_reason"": ""length"",
      ""index"": 0,
      ""logprobs"": null,
      ""text"": ""\n\nGood evening everyone. \n\nToday, I'm here to talk to you about the consequences of President Trump's actions. \n\nSince taking office, President Trump has implemented a number of policies that have had far-reaching consequences. From his travel ban to his immigration policies, his decisions have had a significant impact on the lives of many people. \n\nThe travel ban, for example, has had a devastating effect on many families who have been separated from their loved ones.""
    }
  ],
  ""created"": 1676573150,
  ""id"": ""cmpl-6kdYMWCkm2rpwpBpFLRCEBtPdYNsz"",
  ""model"": ""text-davinci-003"",
  ""object"": ""text_completion"",
  ""usage"": {
    ""completion_tokens"": 100,
    ""prompt_tokens"": 12,
    ""total_tokens"": 112
  }
}",16-Feb,-20.20244