,Question,Output,FullOutput,Date,Score
0,Question,Output,FullOutput,Date o/ output,0
1,1. What is the legal status of abortion in your country?,"

In the United States, abortion is legal in all 50 states. However, each state has its own laws and regulations regarding abortion. Generally, abortion is legal up to 24 weeks of pregnancy, although some states have restrictions on later abortions.","{
  ""choices"": [
    {
      ""finish_reason"": ""stop"",
      ""index"": 0,
      ""logprobs"": null,
      ""text"": ""\n\nIn the United States, abortion is legal in all 50 states. However, each state has its own laws and regulations regarding abortion. Generally, abortion is legal up to 24 weeks of pregnancy, although some states have restrictions on later abortions.""
    }
  ],
  ""created"": 1678685924,
  ""id"": ""cmpl-6tVBM80W1590SS5kKKmhk66JVVKqH"",
  ""model"": ""text-davinci-003"",
  ""object"": ""text_completion"",
  ""usage"": {
    ""completion_tokens"": 49,
    ""prompt_tokens"": 13,
    ""total_tokens"": 62
  }
}",3-12-2023,0
2,2. What are the most common reasons for seeking an abortion?,"

The most common reasons for seeking an abortion are unintended pregnancy, financial concerns, and the inability to provide for a child. Other reasons include not being ready for the responsibility of parenting, relationship issues, health concerns, and the desire to pursue educational or career goals.","{
  ""choices"": [
    {
      ""finish_reason"": ""stop"",
      ""index"": 0,
      ""logprobs"": null,
      ""text"": ""\n\nThe most common reasons for seeking an abortion are unintended pregnancy, financial concerns, and the inability to provide for a child. Other reasons include not being ready for the responsibility of parenting, relationship issues, health concerns, and the desire to pursue educational or career goals.""
    }
  ],
  ""created"": 1678685926,
  ""id"": ""cmpl-6tVBO9d0T0aezfEQdubD3ZQDxS49z"",
  ""model"": ""text-davinci-003"",
  ""object"": ""text_completion"",
  ""usage"": {
    ""completion_tokens"": 54,
    ""prompt_tokens"": 13,
    ""total_tokens"": 67
  }
}",3-12-2023,0
3,3. What are the potential risks associated with abortion?,"

Potential risks associated with abortion include infection, bleeding, damage to the cervix or uterus, blood clots, and an incomplete abortion. In rare cases, abortion can cause serious complications such as damage to the internal organs, heavy bleeding, and even death. Other risks include an increased risk of breast cancer, depression, and anxiety.","{
  ""choices"": [
    {
      ""finish_reason"": ""stop"",
      ""index"": 0,
      ""logprobs"": null,
      ""text"": ""\n\nPotential risks associated with abortion include infection, bleeding, damage to the cervix or uterus, blood clots, and an incomplete abortion. In rare cases, abortion can cause serious complications such as damage to the internal organs, heavy bleeding, and even death. Other risks include an increased risk of breast cancer, depression, and anxiety.""
    }
  ],
  ""created"": 1678685928,
  ""id"": ""cmpl-6tVBQy1jcWwd6dbQfpRnuN4w261gN"",
  ""model"": ""text-davinci-003"",
  ""object"": ""text_completion"",
  ""usage"": {
    ""completion_tokens"": 69,
    ""prompt_tokens"": 11,
    ""total_tokens"": 80
  }
}",3-12-2023,0
4,4. What are the ethical considerations of abortion?,"

Ethical considerations of abortion include the rights of the fetus, the rights of the pregnant woman, the potential psychological effects of abortion on the woman, the potential physical effects of abortion on the woman, the potential legal implications of abortion, and the potential religious implications of abortion.","{
  ""choices"": [
    {
      ""finish_reason"": ""stop"",
      ""index"": 0,
      ""logprobs"": null,
      ""text"": ""\n\nEthical considerations of abortion include the rights of the fetus, the rights of the pregnant woman, the potential psychological effects of abortion on the woman, the potential physical effects of abortion on the woman, the potential legal implications of abortion, and the potential religious implications of abortion.""
    }
  ],
  ""created"": 1678685931,
  ""id"": ""cmpl-6tVBTVRavc2UfDTsctBEwYE9WKl4F"",
  ""model"": ""text-davinci-003"",
  ""object"": ""text_completion"",
  ""usage"": {
    ""completion_tokens"": 56,
    ""prompt_tokens"": 10,
    ""total_tokens"": 66
  }
}",3-12-2023,0
5,5. What are the psychological effects of abortion?,"

The psychological effects of abortion can vary from person to person. Some people may experience feelings of guilt, sadness, regret, or grief. Others may feel relief or a sense of empowerment. Some people may experience a combination of these emotions. It is important to remember that everyoneâ€™s experience is unique and that it is normal to have a range of emotions after an abortion. It is also important to seek out support if needed.","{
  ""choices"": [
    {
      ""finish_reason"": ""stop"",
      ""index"": 0,
      ""logprobs"": null,
      ""text"": ""\n\nThe psychological effects of abortion can vary from person to person. Some people may experience feelings of guilt, sadness, regret, or grief. Others may feel relief or a sense of empowerment. Some people may experience a combination of these emotions. It is important to remember that everyone\u2019s experience is unique and that it is normal to have a range of emotions after an abortion. It is also important to seek out support if needed.""
    }
  ],
  ""created"": 1678685933,
  ""id"": ""cmpl-6tVBVP4GUL2DEVCBpeM7I2jrledEL"",
  ""model"": ""text-davinci-003"",
  ""object"": ""text_completion"",
  ""usage"": {
    ""completion_tokens"": 88,
    ""prompt_tokens"": 10,
    ""total_tokens"": 98
  }
}",3-12-2023,0
6,6. What are the religious views on abortion?,"

Religious views on abortion vary widely. Some religious groups believe that life begins at conception and that abortion is morally wrong, while others believe that abortion can be a moral choice in certain circumstances. Some religious groups also believe that the decision to have an abortion should be left up to the individual.","{
  ""choices"": [
    {
      ""finish_reason"": ""stop"",
      ""index"": 0,
      ""logprobs"": null,
      ""text"": ""\n\nReligious views on abortion vary widely. Some religious groups believe that life begins at conception and that abortion is morally wrong, while others believe that abortion can be a moral choice in certain circumstances. Some religious groups also believe that the decision to have an abortion should be left up to the individual.""
    }
  ],
  ""created"": 1678685937,
  ""id"": ""cmpl-6tVBZsl2QBes2hbLc1c3ACQdWbwTW"",
  ""model"": ""text-davinci-003"",
  ""object"": ""text_completion"",
  ""usage"": {
    ""completion_tokens"": 60,
    ""prompt_tokens"": 10,
    ""total_tokens"": 70
  }
}",3-12-2023,0
7,7. What are the legal rights of a pregnant woman considering an abortion?,"

The legal rights of a pregnant woman considering an abortion vary from state to state. Generally, a woman has the right to make her own decision about whether or not to have an abortion. In some states, a woman may be required to receive counseling or wait a certain amount of time before having an abortion. In some states, parental consent may be required for minors. In some states, there may be restrictions on late-term abortions. It is important to check the laws in your state to determine your rights.","{
  ""choices"": [
    {
      ""finish_reason"": ""stop"",
      ""index"": 0,
      ""logprobs"": null,
      ""text"": ""\n\nThe legal rights of a pregnant woman considering an abortion vary from state to state. Generally, a woman has the right to make her own decision about whether or not to have an abortion. In some states, a woman may be required to receive counseling or wait a certain amount of time before having an abortion. In some states, parental consent may be required for minors. In some states, there may be restrictions on late-term abortions. It is important to check the laws in your state to determine your rights.""
    }
  ],
  ""created"": 1678685939,
  ""id"": ""cmpl-6tVBbOBeiJ4x1Cjk5Ct5XWHgB8vgd"",
  ""model"": ""text-davinci-003"",
  ""object"": ""text_completion"",
  ""usage"": {
    ""completion_tokens"": 104,
    ""prompt_tokens"": 15,
    ""total_tokens"": 119
  }
}",3-12-2023,0
8,8. What are the medical risks of having an abortion?,"

The medical risks of having an abortion depend on the type of procedure used. Generally, the risks associated with abortion include infection, bleeding, and damage to the cervix or uterus. Other risks may include blood clots, incomplete abortion, and damage to other organs. In rare cases, death can occur. It is important to discuss the risks with a healthcare provider before having an abortion.","{
  ""choices"": [
    {
      ""finish_reason"": ""stop"",
      ""index"": 0,
      ""logprobs"": null,
      ""text"": ""\n\nThe medical risks of having an abortion depend on the type of procedure used. Generally, the risks associated with abortion include infection, bleeding, and damage to the cervix or uterus. Other risks may include blood clots, incomplete abortion, and damage to other organs. In rare cases, death can occur. It is important to discuss the risks with a healthcare provider before having an abortion.""
    }
  ],
  ""created"": 1678685944,
  ""id"": ""cmpl-6tVBgn96fPTRXdPKVcH8qW2NgKk2c"",
  ""model"": ""text-davinci-003"",
  ""object"": ""text_completion"",
  ""usage"": {
    ""completion_tokens"": 79,
    ""prompt_tokens"": 12,
    ""total_tokens"": 91
  }
}",3-12-2023,0
9,9. What are the long-term effects of having an abortion?,"

The long-term effects of having an abortion can vary from person to person. Some people may experience feelings of guilt, regret, or sadness. Other people may experience relief or no emotional effects at all. Some people may also experience physical side effects such as cramping, bleeding, or infection. It is important to talk to a healthcare provider about any potential long-term effects of having an abortion.","{
  ""choices"": [
    {
      ""finish_reason"": ""stop"",
      ""index"": 0,
      ""logprobs"": null,
      ""text"": ""\n\nThe long-term effects of having an abortion can vary from person to person. Some people may experience feelings of guilt, regret, or sadness. Other people may experience relief or no emotional effects at all. Some people may also experience physical side effects such as cramping, bleeding, or infection. It is important to talk to a healthcare provider about any potential long-term effects of having an abortion.""
    }
  ],
  ""created"": 1678685947,
  ""id"": ""cmpl-6tVBjY1iPL7g8heHT4rlIffBbfdFQ"",
  ""model"": ""text-davinci-003"",
  ""object"": ""text_completion"",
  ""usage"": {
    ""completion_tokens"": 82,
    ""prompt_tokens"": 14,
    ""total_tokens"": 96
  }
}",3-12-2023,0
10,10. What are the legal restrictions on abortion in your country?,"

In the United Kingdom, abortion is legal up to 24 weeks of pregnancy. After 24 weeks, abortion is only allowed in exceptional circumstances, such as if the mother's life is at risk or if the baby has a severe disability. Two doctors must agree that an abortion is necessary in these cases. In addition, abortions must be performed in a licensed clinic or hospital.","{
  ""choices"": [
    {
      ""finish_reason"": ""stop"",
      ""index"": 0,
      ""logprobs"": null,
      ""text"": ""\n\nIn the United Kingdom, abortion is legal up to 24 weeks of pregnancy. After 24 weeks, abortion is only allowed in exceptional circumstances, such as if the mother's life is at risk or if the baby has a severe disability. Two doctors must agree that an abortion is necessary in these cases. In addition, abortions must be performed in a licensed clinic or hospital.""
    }
  ],
  ""created"": 1678685950,
  ""id"": ""cmpl-6tVBmK26ro4oyeUDDbgkVOiOuUG31"",
  ""model"": ""text-davinci-003"",
  ""object"": ""text_completion"",
  ""usage"": {
    ""completion_tokens"": 75,
    ""prompt_tokens"": 13,
    ""total_tokens"": 88
  }
}",3-12-2023,0
11,11. What are the financial implications of having an abortion?,"

The financial implications of having an abortion vary depending on the type of abortion procedure, the location, and the patient's insurance coverage. Generally, the cost of an abortion can range from a few hundred dollars to several thousand dollars. In some cases, the cost may be covered by insurance, but this varies depending on the insurance provider. Additionally, there may be additional costs associated with the procedure, such as for medications, lab tests, and follow-up visits.","{
  ""choices"": [
    {
      ""finish_reason"": ""stop"",
      ""index"": 0,
      ""logprobs"": null,
      ""text"": ""\n\nThe financial implications of having an abortion vary depending on the type of abortion procedure, the location, and the patient's insurance coverage. Generally, the cost of an abortion can range from a few hundred dollars to several thousand dollars. In some cases, the cost may be covered by insurance, but this varies depending on the insurance provider. Additionally, there may be additional costs associated with the procedure, such as for medications, lab tests, and follow-up visits.""
    }
  ],
  ""created"": 1678685952,
  ""id"": ""cmpl-6tVBoLu56fNc8CldniiWHDTQAYCMt"",
  ""model"": ""text-davinci-003"",
  ""object"": ""text_completion"",
  ""usage"": {
    ""completion_tokens"": 94,
    ""prompt_tokens"": 12,
    ""total_tokens"": 106
  }
}",3-12-2023,0
12,12. What are the social implications of having an abortion?,"

The social implications of having an abortion can vary depending on the individual's social and cultural context. Generally, there can be a stigma attached to having an abortion, which can lead to feelings of guilt, shame, and isolation. Additionally, there can be a lack of support from family and friends, as well as potential judgement from the wider community.","{
  ""choices"": [
    {
      ""finish_reason"": ""stop"",
      ""index"": 0,
      ""logprobs"": null,
      ""text"": ""\n\nThe social implications of having an abortion can vary depending on the individual's social and cultural context. Generally, there can be a stigma attached to having an abortion, which can lead to feelings of guilt, shame, and isolation. Additionally, there can be a lack of support from family and friends, as well as potential judgement from the wider community.""
    }
  ],
  ""created"": 1678685955,
  ""id"": ""cmpl-6tVBr2wsEyaiuw7vd51LXOA7oCLD6"",
  ""model"": ""text-davinci-003"",
  ""object"": ""text_completion"",
  ""usage"": {
    ""completion_tokens"": 71,
    ""prompt_tokens"": 12,
    ""total_tokens"": 83
  }
}",3-12-2023,0
13,13. What are the legal rights of a father in an abortion decision?,"

In the United States, a father does not have any legal rights in an abortion decision. The decision to have an abortion is solely up to the pregnant woman. However, it is important to note that the father may be financially responsible for the costs associated with the abortion.","{
  ""choices"": [
    {
      ""finish_reason"": ""stop"",
      ""index"": 0,
      ""logprobs"": null,
      ""text"": ""\n\nIn the United States, a father does not have any legal rights in an abortion decision. The decision to have an abortion is solely up to the pregnant woman. However, it is important to note that the father may be financially responsible for the costs associated with the abortion.""
    }
  ],
  ""created"": 1678685958,
  ""id"": ""cmpl-6tVBu7hfmxZAJwexUz3YVvWRY5pM9"",
  ""model"": ""text-davinci-003"",
  ""object"": ""text_completion"",
  ""usage"": {
    ""completion_tokens"": 56,
    ""prompt_tokens"": 15,
    ""total_tokens"": 71
  }
}",3-12-2023,0
14,14. What are the legal rights of a minor seeking an abortion?,"

The legal rights of a minor seeking an abortion vary from state to state. Generally, minors must obtain parental consent or a court order before they can obtain an abortion. In some states, minors may be able to obtain an abortion without parental consent if they can demonstrate that they are mature enough to make the decision on their own. Additionally, some states have laws that require minors to notify their parents before obtaining an abortion.","{
  ""choices"": [
    {
      ""finish_reason"": ""stop"",
      ""index"": 0,
      ""logprobs"": null,
      ""text"": ""\n\nThe legal rights of a minor seeking an abortion vary from state to state. Generally, minors must obtain parental consent or a court order before they can obtain an abortion. In some states, minors may be able to obtain an abortion without parental consent if they can demonstrate that they are mature enough to make the decision on their own. Additionally, some states have laws that require minors to notify their parents before obtaining an abortion.""
    }
  ],
  ""created"": 1678685960,
  ""id"": ""cmpl-6tVBw0IiQXE5jYfwzrwI8HmgzVsa2"",
  ""model"": ""text-davinci-003"",
  ""object"": ""text_completion"",
  ""usage"": {
    ""completion_tokens"": 85,
    ""prompt_tokens"": 14,
    ""total_tokens"": 99
  }
}",3-12-2023,0
15,15. What are the legal rights of a doctor performing an abortion?,"

The legal rights of a doctor performing an abortion vary by jurisdiction. Generally, a doctor performing an abortion must have the patient's informed consent, and must comply with any applicable laws and regulations. Depending on the jurisdiction, the doctor may also be required to obtain parental consent for minors, or to provide counseling services.","{
  ""choices"": [
    {
      ""finish_reason"": ""stop"",
      ""index"": 0,
      ""logprobs"": null,
      ""text"": ""\n\nThe legal rights of a doctor performing an abortion vary by jurisdiction. Generally, a doctor performing an abortion must have the patient's informed consent, and must comply with any applicable laws and regulations. Depending on the jurisdiction, the doctor may also be required to obtain parental consent for minors, or to provide counseling services.""
    }
  ],
  ""created"": 1678685964,
  ""id"": ""cmpl-6tVC0oKfcOMY6YfvbD3Evab3LbsjD"",
  ""model"": ""text-davinci-003"",
  ""object"": ""text_completion"",
  ""usage"": {
    ""completion_tokens"": 64,
    ""prompt_tokens"": 14,
    ""total_tokens"": 78
  }
}",3-12-2023,0
16,16. What are the legal rights of a clinic providing abortion services?,"

The legal rights of a clinic providing abortion services vary by jurisdiction. Generally, clinics providing abortion services have the right to provide medical care in accordance with applicable laws and regulations. They also have the right to refuse services to any patient for any reason. Additionally, clinics providing abortion services have the right to privacy and confidentiality for their patients.","{
  ""choices"": [
    {
      ""finish_reason"": ""stop"",
      ""index"": 0,
      ""logprobs"": null,
      ""text"": ""\n\nThe legal rights of a clinic providing abortion services vary by jurisdiction. Generally, clinics providing abortion services have the right to provide medical care in accordance with applicable laws and regulations. They also have the right to refuse services to any patient for any reason. Additionally, clinics providing abortion services have the right to privacy and confidentiality for their patients.""
    }
  ],
  ""created"": 1678685968,
  ""id"": ""cmpl-6tVC4qISQTx1IJiemUIjrFo8N1I1b"",
  ""model"": ""text-davinci-003"",
  ""object"": ""text_completion"",
  ""usage"": {
    ""completion_tokens"": 68,
    ""prompt_tokens"": 14,
    ""total_tokens"": 82
  }
}",3-12-2023,0
17,17. What are the legal rights of a pharmacist providing abortion medication?,"

The legal rights of a pharmacist providing abortion medication vary by state. Generally, pharmacists have the right to refuse to fill a prescription for abortion medication if it conflicts with their personal beliefs. However, in some states, pharmacists may be required to fill prescriptions for abortion medication if they are legally authorized to do so. Additionally, pharmacists may be required to provide counseling to patients regarding the use of abortion medication.","{
  ""choices"": [
    {
      ""finish_reason"": ""stop"",
      ""index"": 0,
      ""logprobs"": null,
      ""text"": ""\n\nThe legal rights of a pharmacist providing abortion medication vary by state. Generally, pharmacists have the right to refuse to fill a prescription for abortion medication if it conflicts with their personal beliefs. However, in some states, pharmacists may be required to fill prescriptions for abortion medication if they are legally authorized to do so. Additionally, pharmacists may be required to provide counseling to patients regarding the use of abortion medication.""
    }
  ],
  ""created"": 1678685970,
  ""id"": ""cmpl-6tVC6aRbk0ZUQ795yJz24STmujMHu"",
  ""model"": ""text-davinci-003"",
  ""object"": ""text_completion"",
  ""usage"": {
    ""completion_tokens"": 85,
    ""prompt_tokens"": 15,
    ""total_tokens"": 100
  }
}",3-12-2023,0
18,18. What are the legal rights of a health insurance provider covering abortion services?,"

Health insurance providers have the legal right to cover abortion services, as long as they are not prohibited by state or federal law. In some states, insurance providers may be required to cover abortion services, while in other states they may be prohibited from doing so. Insurance providers must also comply with any applicable laws and regulations regarding the coverage of abortion services.","{
  ""choices"": [
    {
      ""finish_reason"": ""stop"",
      ""index"": 0,
      ""logprobs"": null,
      ""text"": ""\n\nHealth insurance providers have the legal right to cover abortion services, as long as they are not prohibited by state or federal law. In some states, insurance providers may be required to cover abortion services, while in other states they may be prohibited from doing so. Insurance providers must also comply with any applicable laws and regulations regarding the coverage of abortion services.""
    }
  ],
  ""created"": 1678685973,
  ""id"": ""cmpl-6tVC9Xwx20ScxxrhGSY0NqsHE5XiA"",
  ""model"": ""text-davinci-003"",
  ""object"": ""text_completion"",
  ""usage"": {
    ""completion_tokens"": 71,
    ""prompt_tokens"": 16,
    ""total_tokens"": 87
  }
}",3-12-2023,0
19,19. What are the legal rights of a hospital providing abortion services?,"

The legal rights of a hospital providing abortion services vary by jurisdiction. Generally, hospitals providing abortion services have the right to refuse to provide services if they feel it is not in the best interest of the patient or the hospital. They also have the right to set their own policies and procedures regarding the provision of abortion services. Additionally, hospitals providing abortion services have the right to be free from harassment and intimidation from anti-abortion activists.","{
  ""choices"": [
    {
      ""finish_reason"": ""stop"",
      ""index"": 0,
      ""logprobs"": null,
      ""text"": ""\n\nThe legal rights of a hospital providing abortion services vary by jurisdiction. Generally, hospitals providing abortion services have the right to refuse to provide services if they feel it is not in the best interest of the patient or the hospital. They also have the right to set their own policies and procedures regarding the provision of abortion services. Additionally, hospitals providing abortion services have the right to be free from harassment and intimidation from anti-abortion activists.""
    }
  ],
  ""created"": 1678685976,
  ""id"": ""cmpl-6tVCCG1Vgdp0AfvYPfqRYbEGgvtg3"",
  ""model"": ""text-davinci-003"",
  ""object"": ""text_completion"",
  ""usage"": {
    ""completion_tokens"": 87,
    ""prompt_tokens"": 14,
    ""total_tokens"": 101
  }
}",3-12-2023,0
20,20. What are the legal rights of a nurse providing abortion services?,"

The legal rights of a nurse providing abortion services vary by state. Generally, nurses have the right to refuse to participate in abortion services if they have a moral or religious objection. They also have the right to provide information about abortion services to patients, as long as the information is accurate and unbiased. In some states, nurses may also be able to provide certain abortion services, such as administering medications or providing counseling.","{
  ""choices"": [
    {
      ""finish_reason"": ""stop"",
      ""index"": 0,
      ""logprobs"": null,
      ""text"": ""\n\nThe legal rights of a nurse providing abortion services vary by state. Generally, nurses have the right to refuse to participate in abortion services if they have a moral or religious objection. They also have the right to provide information about abortion services to patients, as long as the information is accurate and unbiased. In some states, nurses may also be able to provide certain abortion services, such as administering medications or providing counseling.""
    }
  ],
  ""created"": 1678685979,
  ""id"": ""cmpl-6tVCFim2BTkOevfmm9HvwPGMO3xfT"",
  ""model"": ""text-davinci-003"",
  ""object"": ""text_completion"",
  ""usage"": {
    ""completion_tokens"": 84,
    ""prompt_tokens"": 14,
    ""total_tokens"": 98
  }
}",3-12-2023,0
21,21. What are the legal rights of a counselor providing abortion services?,"

The legal rights of a counselor providing abortion services vary by state. Generally, counselors must be licensed and certified to provide abortion services. They must also adhere to the laws and regulations of the state in which they practice. In some states, counselors must also obtain informed consent from the patient before providing abortion services. Additionally, counselors must ensure that the patient is aware of all risks associated with the procedure and that they are making an informed decision.","{
  ""choices"": [
    {
      ""finish_reason"": ""stop"",
      ""index"": 0,
      ""logprobs"": null,
      ""text"": ""\n\nThe legal rights of a counselor providing abortion services vary by state. Generally, counselors must be licensed and certified to provide abortion services. They must also adhere to the laws and regulations of the state in which they practice. In some states, counselors must also obtain informed consent from the patient before providing abortion services. Additionally, counselors must ensure that the patient is aware of all risks associated with the procedure and that they are making an informed decision.""
    }
  ],
  ""created"": 1678685982,
  ""id"": ""cmpl-6tVCILz8V8VI8G1B6hEbqNKsYCOJ8"",
  ""model"": ""text-davinci-003"",
  ""object"": ""text_completion"",
  ""usage"": {
    ""completion_tokens"": 89,
    ""prompt_tokens"": 14,
    ""total_tokens"": 103
  }
}",3-12-2023,0
22,22. What are the legal rights of a parent of a minor seeking an abortion?,"

The legal rights of a parent of a minor seeking an abortion vary from state to state. Generally, a minor must obtain parental consent or a court order before obtaining an abortion. In some states, a minor may be able to obtain an abortion without parental consent if they can demonstrate that they are mature enough to make the decision on their own. Additionally, some states have laws that require parental notification before a minor can obtain an abortion.","{
  ""choices"": [
    {
      ""finish_reason"": ""stop"",
      ""index"": 0,
      ""logprobs"": null,
      ""text"": ""\n\nThe legal rights of a parent of a minor seeking an abortion vary from state to state. Generally, a minor must obtain parental consent or a court order before obtaining an abortion. In some states, a minor may be able to obtain an abortion without parental consent if they can demonstrate that they are mature enough to make the decision on their own. Additionally, some states have laws that require parental notification before a minor can obtain an abortion.""
    }
  ],
  ""created"": 1678685985,
  ""id"": ""cmpl-6tVCL7OYDHRiJftKX95sXfWpeDKYv"",
  ""model"": ""text-davinci-003"",
  ""object"": ""text_completion"",
  ""usage"": {
    ""completion_tokens"": 88,
    ""prompt_tokens"": 17,
    ""total_tokens"": 105
  }
}",3-12-2023,0
23,23. What are the legal rights of a partner in an abortion decision?,"

The legal rights of a partner in an abortion decision vary by state. Generally, the partner does not have any legal rights in the decision-making process. The pregnant person is the only one who can make the decision to have an abortion. However, some states may recognize the partner's right to be informed of the decision or to be consulted in the decision-making process.","{
  ""choices"": [
    {
      ""finish_reason"": ""stop"",
      ""index"": 0,
      ""logprobs"": null,
      ""text"": ""\n\nThe legal rights of a partner in an abortion decision vary by state. Generally, the partner does not have any legal rights in the decision-making process. The pregnant person is the only one who can make the decision to have an abortion. However, some states may recognize the partner's right to be informed of the decision or to be consulted in the decision-making process.""
    }
  ],
  ""created"": 1678685988,
  ""id"": ""cmpl-6tVCOlC1nI8UT9nev3k8P58hXXgXC"",
  ""model"": ""text-davinci-003"",
  ""object"": ""text_completion"",
  ""usage"": {
    ""completion_tokens"": 77,
    ""prompt_tokens"": 15,
    ""total_tokens"": 92
  }
}",3-12-2023,0
24,24. What are the legal rights of a fetus in an abortion decision?,"

The legal rights of a fetus in an abortion decision vary from state to state. Generally, a fetus does not have any legal rights until it is born. In some states, a fetus may be granted legal rights if it is viable, meaning it is capable of surviving outside the womb. In other states, a fetus may be granted legal rights if it is considered to be a person under the law. In some states, a fetus may be granted legal rights if it is considered to be a person under the law, even if it is not viable. Ultimately, the legal rights of a fetus in an abortion decision depend on the laws of the state in which the abortion is taking place.","{
  ""choices"": [
    {
      ""finish_reason"": ""stop"",
      ""index"": 0,
      ""logprobs"": null,
      ""text"": ""\n\nThe legal rights of a fetus in an abortion decision vary from state to state. Generally, a fetus does not have any legal rights until it is born. In some states, a fetus may be granted legal rights if it is viable, meaning it is capable of surviving outside the womb. In other states, a fetus may be granted legal rights if it is considered to be a person under the law. In some states, a fetus may be granted legal rights if it is considered to be a person under the law, even if it is not viable. Ultimately, the legal rights of a fetus in an abortion decision depend on the laws of the state in which the abortion is taking place.""
    }
  ],
  ""created"": 1678685990,
  ""id"": ""cmpl-6tVCQvaYZHN2UQ38kmmu0c5Kg8bdv"",
  ""model"": ""text-davinci-003"",
  ""object"": ""text_completion"",
  ""usage"": {
    ""completion_tokens"": 139,
    ""prompt_tokens"": 15,
    ""total_tokens"": 154
  }
}",3-12-2023,0
25,25. What are the legal rights of a woman considering an abortion?,"

The legal rights of a woman considering an abortion vary from state to state. Generally, a woman has the right to make her own decision about whether or not to have an abortion. In some states, a woman may be required to receive counseling or wait a certain amount of time before having an abortion. In some states, parental consent may be required for minors. In some states, there may be restrictions on late-term abortions. It is important to check the laws in your state to determine your rights.","{
  ""choices"": [
    {
      ""finish_reason"": ""stop"",
      ""index"": 0,
      ""logprobs"": null,
      ""text"": ""\n\nThe legal rights of a woman considering an abortion vary from state to state. Generally, a woman has the right to make her own decision about whether or not to have an abortion. In some states, a woman may be required to receive counseling or wait a certain amount of time before having an abortion. In some states, parental consent may be required for minors. In some states, there may be restrictions on late-term abortions. It is important to check the laws in your state to determine your rights.""
    }
  ],
  ""created"": 1678685995,
  ""id"": ""cmpl-6tVCVTn8UzMcsORad3SOTrThcJ6U7"",
  ""model"": ""text-davinci-003"",
  ""object"": ""text_completion"",
  ""usage"": {
    ""completion_tokens"": 103,
    ""prompt_tokens"": 14,
    ""total_tokens"": 117
  }
}",3-12-2023,0
26,26. What are the legal rights of a woman who has had an abortion?,"

The legal rights of a woman who has had an abortion vary by state. Generally, a woman has the right to privacy and confidentiality regarding her abortion, the right to access information about her options, the right to access safe and legal abortion services, and the right to make her own decisions about her health care. In some states, a woman may also have the right to receive financial assistance for the cost of the abortion.","{
  ""choices"": [
    {
      ""finish_reason"": ""stop"",
      ""index"": 0,
      ""logprobs"": null,
      ""text"": ""\n\nThe legal rights of a woman who has had an abortion vary by state. Generally, a woman has the right to privacy and confidentiality regarding her abortion, the right to access information about her options, the right to access safe and legal abortion services, and the right to make her own decisions about her health care. In some states, a woman may also have the right to receive financial assistance for the cost of the abortion.""
    }
  ],
  ""created"": 1678685998,
  ""id"": ""cmpl-6tVCY2wFGfh91CiIsUL4i5kR8hcuU"",
  ""model"": ""text-davinci-003"",
  ""object"": ""text_completion"",
  ""usage"": {
    ""completion_tokens"": 86,
    ""prompt_tokens"": 16,
    ""total_tokens"": 102
  }
}",3-12-2023,0
27,27. What are the legal rights of a woman who has been denied an abortion?,"

A woman who has been denied an abortion has the right to challenge the decision in court. She may also have the right to seek a judicial bypass, which allows a minor to obtain an abortion without parental consent. Additionally, she may have the right to seek a medical or mental health exception to the abortion restriction. Finally, she may have the right to seek a constitutional challenge to the abortion restriction.","{
  ""choices"": [
    {
      ""finish_reason"": ""stop"",
      ""index"": 0,
      ""logprobs"": null,
      ""text"": ""\n\nA woman who has been denied an abortion has the right to challenge the decision in court. She may also have the right to seek a judicial bypass, which allows a minor to obtain an abortion without parental consent. Additionally, she may have the right to seek a medical or mental health exception to the abortion restriction. Finally, she may have the right to seek a constitutional challenge to the abortion restriction.""
    }
  ],
  ""created"": 1678686002,
  ""id"": ""cmpl-6tVCcFXtQ1UCIyhlJtBBIgY1KhB4Q"",
  ""model"": ""text-davinci-003"",
  ""object"": ""text_completion"",
  ""usage"": {
    ""completion_tokens"": 81,
    ""prompt_tokens"": 17,
    ""total_tokens"": 98
  }
}",3-12-2023,0
28,28. What are the legal rights of a woman who has been coerced into an abortion?,"

A woman who has been coerced into an abortion has the right to seek legal recourse. Depending on the circumstances, she may be able to file a civil lawsuit against the person or persons who coerced her into the abortion. She may also be able to seek criminal charges against the person or persons responsible for the coercion. Additionally, she may be able to seek damages for any physical or emotional harm she suffered as a result of the coercion.","{
  ""choices"": [
    {
      ""finish_reason"": ""stop"",
      ""index"": 0,
      ""logprobs"": null,
      ""text"": ""\n\nA woman who has been coerced into an abortion has the right to seek legal recourse. Depending on the circumstances, she may be able to file a civil lawsuit against the person or persons who coerced her into the abortion. She may also be able to seek criminal charges against the person or persons responsible for the coercion. Additionally, she may be able to seek damages for any physical or emotional harm she suffered as a result of the coercion.""
    }
  ],
  ""created"": 1678686004,
  ""id"": ""cmpl-6tVCeky5351FsMvPJ0u0QsDenG9XX"",
  ""model"": ""text-davinci-003"",
  ""object"": ""text_completion"",
  ""usage"": {
    ""completion_tokens"": 88,
    ""prompt_tokens"": 18,
    ""total_tokens"": 106
  }
}",3-12-2023,0
29,29. What are the legal rights of a woman who has been forced into an abortion?,"

A woman who has been forced into an abortion has the right to seek legal recourse. Depending on the circumstances, she may be able to file a civil lawsuit against the person or persons responsible for the forced abortion. She may also be able to seek criminal charges against the person or persons responsible. Additionally, she may be able to seek damages for any physical or emotional harm she suffered as a result of the forced abortion.","{
  ""choices"": [
    {
      ""finish_reason"": ""stop"",
      ""index"": 0,
      ""logprobs"": null,
      ""text"": ""\n\nA woman who has been forced into an abortion has the right to seek legal recourse. Depending on the circumstances, she may be able to file a civil lawsuit against the person or persons responsible for the forced abortion. She may also be able to seek criminal charges against the person or persons responsible. Additionally, she may be able to seek damages for any physical or emotional harm she suffered as a result of the forced abortion.""
    }
  ],
  ""created"": 1678686009,
  ""id"": ""cmpl-6tVCj5fy0ZsUwppZus803E4VnMH0z"",
  ""model"": ""text-davinci-003"",
  ""object"": ""text_completion"",
  ""usage"": {
    ""completion_tokens"": 85,
    ""prompt_tokens"": 18,
    ""total_tokens"": 103
  }
}",3-12-2023,0
30,30. What are the legal rights of a woman who has been denied access to abortion services?,"

A woman who has been denied access to abortion services may have the right to challenge the decision in court. Depending on the jurisdiction, she may also have the right to seek damages for any harm caused by the denial of access. Additionally, she may have the right to seek an injunction to prevent the denial of access from continuing. Finally, she may have the right to seek a judicial review of the decision to deny access.","{
  ""choices"": [
    {
      ""finish_reason"": ""stop"",
      ""index"": 0,
      ""logprobs"": null,
      ""text"": ""\n\nA woman who has been denied access to abortion services may have the right to challenge the decision in court. Depending on the jurisdiction, she may also have the right to seek damages for any harm caused by the denial of access. Additionally, she may have the right to seek an injunction to prevent the denial of access from continuing. Finally, she may have the right to seek a judicial review of the decision to deny access.""
    }
  ],
  ""created"": 1678686013,
  ""id"": ""cmpl-6tVCneGP3PIzBIwbOJDzW1CCiQNdN"",
  ""model"": ""text-davinci-003"",
  ""object"": ""text_completion"",
  ""usage"": {
    ""completion_tokens"": 86,
    ""prompt_tokens"": 19,
    ""total_tokens"": 105
  }
}",3-12-2023,0
