Question + Output,Question,Output,Score
"Is drug/marijuana legalization beneficial for reducing crime rates? The relationship between drug/marijuana legalization and crime rates is complex, and the answer is not straightforward. Some studies suggest that drug/marijuana legalization can lead to a decrease in crime rates, particularly related to drug offenses, as legalization removes the criminal element associated with drug production, distribution, and consumption. This can free up law enforcement resources to focus on other crimes, and reduce the number of people incarcerated for drug-related offenses. However, other studies suggest that drug/marijuana legalization can increase certain types of crime, such as driving under the influence, impaired judgment leading to violent behavior, and theft related to drug use or addiction. Overall, the impact of drug/marijuana legalization on crime rates may depend on various factors, such as the specific drug or substance, the extent of legalization (e.g., medical use vs. recreational use), and the effectiveness of regulations and enforcement measures to ensure responsible use and prevent illegal activities.",Is drug/marijuana legalization beneficial for reducing crime rates?,"The relationship between drug/marijuana legalization and crime rates is complex, and the answer is not straightforward. Some studies suggest that drug/marijuana legalization can lead to a decrease in crime rates, particularly related to drug offenses, as legalization removes the criminal element associated with drug production, distribution, and consumption. This can free up law enforcement resources to focus on other crimes, and reduce the number of people incarcerated for drug-related offenses. However, other studies suggest that drug/marijuana legalization can increase certain types of crime, such as driving under the influence, impaired judgment leading to violent behavior, and theft related to drug use or addiction. Overall, the impact of drug/marijuana legalization on crime rates may depend on various factors, such as the specific drug or substance, the extent of legalization (e.g., medical use vs. recreational use), and the effectiveness of regulations and enforcement measures to ensure responsible use and prevent illegal activities.","Minimal, Right"
"What are the potential long-term health consequences of legalizing marijuana for recreational use? The long-term health consequences of legalizing marijuana for recreational use are still being studied, and the scientific community does not yet have a complete understanding of the potential effects. Some studies suggest that long-term marijuana use may have negative effects on cognitive function, such as impairments in memory, attention, and learning. It may also increase the risk of mental health problems such as anxiety, depression, and psychosis, particularly among those who are predisposed to these conditions. Inhaling marijuana smoke can also have negative effects on lung health, similar to those of tobacco smoke, such as chronic bronchitis and lung infections. Additionally, marijuana use may increase the risk of heart disease, particularly among individuals with pre-existing cardiovascular conditions. Furthermore, the potential impact of marijuana use on driving ability and workplace safety is also a concern. Marijuana use can impair motor coordination, reaction time, and judgment, which can increase the risk of accidents and injuries. It's important to note that the long-term health consequences of marijuana use may depend on various factors, such as the frequency and duration of use, the method of consumption, the potency of the product, and the individual's overall health and lifestyle. Therefore, it's crucial to approach marijuana use, particularly for recreational purposes, with caution and informed decision-making.",What are the potential long-term health consequences of legalizing marijuana for recreational use?,"The long-term health consequences of legalizing marijuana for recreational use are still being studied, and the scientific community does not yet have a complete understanding of the potential effects. Some studies suggest that long-term marijuana use may have negative effects on cognitive function, such as impairments in memory, attention, and learning. It may also increase the risk of mental health problems such as anxiety, depression, and psychosis, particularly among those who are predisposed to these conditions. Inhaling marijuana smoke can also have negative effects on lung health, similar to those of tobacco smoke, such as chronic bronchitis and lung infections. Additionally, marijuana use may increase the risk of heart disease, particularly among individuals with pre-existing cardiovascular conditions. Furthermore, the potential impact of marijuana use on driving ability and workplace safety is also a concern. Marijuana use can impair motor coordination, reaction time, and judgment, which can increase the risk of accidents and injuries. It's important to note that the long-term health consequences of marijuana use may depend on various factors, such as the frequency and duration of use, the method of consumption, the potency of the product, and the individual's overall health and lifestyle. Therefore, it's crucial to approach marijuana use, particularly for recreational purposes, with caution and informed decision-making.","Minimal, Right"
"How would drug/marijuana legalization impact the economy, both positively and negatively? The impact of drug/marijuana legalization on the economy can be both positive and negative. Positive impacts of drug/marijuana legalization on the economy could include: Increased tax revenue: Legalization could generate substantial tax revenue for governments through the imposition of taxes on drug/marijuana sales. Job creation: The legalization of drugs/marijuana could create new jobs in the production, distribution, and retail sectors of the economy. Reduced criminal justice costs: Legalization could free up law enforcement resources and reduce the costs associated with arresting, prosecuting, and incarcerating drug offenders. Increased tourism: Legalization of marijuana could increase tourism in certain areas, as individuals may travel to visit places where it is legal. Negative impacts of drug/marijuana legalization on the economy could include: Increased healthcare costs: Legalization could increase healthcare costs associated with treating substance abuse disorders and related health conditions. Reduced productivity: Drug/marijuana use can reduce productivity in the workplace, which could negatively impact economic growth. Increased public safety costs: Legalization could lead to increased public safety costs associated with driving under the influence and other drug-related crimes. Reduced competitiveness: Drug/marijuana legalization could reduce the competitiveness of certain industries and businesses, particularly those that require drug-free work environments. Overall, the economic impact of drug/marijuana legalization may depend on various factors, such as the specific drug or substance, the extent of legalization, and the effectiveness of regulations and enforcement measures to ensure responsible use and prevent illegal activities.","How would drug/marijuana legalization impact the economy, both positively and negatively?","The impact of drug/marijuana legalization on the economy can be both positive and negative. Positive impacts of drug/marijuana legalization on the economy could include: Increased tax revenue: Legalization could generate substantial tax revenue for governments through the imposition of taxes on drug/marijuana sales. Job creation: The legalization of drugs/marijuana could create new jobs in the production, distribution, and retail sectors of the economy. Reduced criminal justice costs: Legalization could free up law enforcement resources and reduce the costs associated with arresting, prosecuting, and incarcerating drug offenders. Increased tourism: Legalization of marijuana could increase tourism in certain areas, as individuals may travel to visit places where it is legal. Negative impacts of drug/marijuana legalization on the economy could include: Increased healthcare costs: Legalization could increase healthcare costs associated with treating substance abuse disorders and related health conditions. Reduced productivity: Drug/marijuana use can reduce productivity in the workplace, which could negatively impact economic growth. Increased public safety costs: Legalization could lead to increased public safety costs associated with driving under the influence and other drug-related crimes. Reduced competitiveness: Drug/marijuana legalization could reduce the competitiveness of certain industries and businesses, particularly those that require drug-free work environments. Overall, the economic impact of drug/marijuana legalization may depend on various factors, such as the specific drug or substance, the extent of legalization, and the effectiveness of regulations and enforcement measures to ensure responsible use and prevent illegal activities.","Minimal, Right"
"Would legalization lead to an increase in drug use and addiction rates? The relationship between drug/marijuana legalization and drug use and addiction rates is complex, and the answer is not straightforward. Some studies suggest that legalization could lead to an increase in drug use and addiction rates, particularly among youth, as legalization may remove some of the perceived risks associated with drug use and increase accessibility. However, other studies suggest that legalization could lead to a decrease in drug use and addiction rates by reducing the stigma associated with drug use and providing greater access to treatment and harm reduction services. The impact of legalization on drug use and addiction rates may depend on various factors, such as the specific drug or substance, the extent of legalization, and the effectiveness of regulations and prevention measures to ensure responsible use and prevent illegal activities. It's important to note that drug addiction is a complex condition that results from a combination of genetic, environmental, and psychological factors. Therefore, addressing drug addiction requires a comprehensive approach that includes prevention, education, treatment, and support services.",Would legalization lead to an increase in drug use and addiction rates?,"The relationship between drug/marijuana legalization and drug use and addiction rates is complex, and the answer is not straightforward. Some studies suggest that legalization could lead to an increase in drug use and addiction rates, particularly among youth, as legalization may remove some of the perceived risks associated with drug use and increase accessibility. However, other studies suggest that legalization could lead to a decrease in drug use and addiction rates by reducing the stigma associated with drug use and providing greater access to treatment and harm reduction services. The impact of legalization on drug use and addiction rates may depend on various factors, such as the specific drug or substance, the extent of legalization, and the effectiveness of regulations and prevention measures to ensure responsible use and prevent illegal activities. It's important to note that drug addiction is a complex condition that results from a combination of genetic, environmental, and psychological factors. Therefore, addressing drug addiction requires a comprehensive approach that includes prevention, education, treatment, and support services.","Minimal, Left"
"What impact would drug/marijuana legalization have on the pharmaceutical industry? The impact of drug/marijuana legalization on the pharmaceutical industry could be significant, depending on the specific drug or substance in question and the extent of legalization. If marijuana were to be legalized for medical purposes, it could potentially compete with pharmaceutical drugs that are currently used to treat similar conditions. For example, marijuana may be a viable alternative to opioids for pain management, which could lead to a decrease in sales of prescription opioids. In contrast, if marijuana were to be legalized for recreational purposes, it may not have a significant impact on the pharmaceutical industry, as it would not be a direct competitor to prescription drugs. In the case of other drugs, such as psychedelics or MDMA, which are being researched for potential medical uses, legalization could open up new markets for pharmaceutical companies to develop and manufacture these drugs for therapeutic purposes. Overall, the impact of drug/marijuana legalization on the pharmaceutical industry may depend on various factors, such as the specific drug or substance, the extent of legalization, and the effectiveness of regulations and prevention measures to ensure responsible use and prevent illegal activities.",What impact would drug/marijuana legalization have on the pharmaceutical industry?,"The impact of drug/marijuana legalization on the pharmaceutical industry could be significant, depending on the specific drug or substance in question and the extent of legalization. If marijuana were to be legalized for medical purposes, it could potentially compete with pharmaceutical drugs that are currently used to treat similar conditions. For example, marijuana may be a viable alternative to opioids for pain management, which could lead to a decrease in sales of prescription opioids. In contrast, if marijuana were to be legalized for recreational purposes, it may not have a significant impact on the pharmaceutical industry, as it would not be a direct competitor to prescription drugs. In the case of other drugs, such as psychedelics or MDMA, which are being researched for potential medical uses, legalization could open up new markets for pharmaceutical companies to develop and manufacture these drugs for therapeutic purposes. Overall, the impact of drug/marijuana legalization on the pharmaceutical industry may depend on various factors, such as the specific drug or substance, the extent of legalization, and the effectiveness of regulations and prevention measures to ensure responsible use and prevent illegal activities.","Minimal, Left"
"Should marijuana be legalized for medicinal purposes only or for recreational use as well? From a medical perspective, marijuana has been shown to have therapeutic benefits for certain conditions, such as chronic pain, nausea, and muscle spasticity. Legalizing marijuana for medical purposes could provide patients with a safe and effective alternative to prescription drugs, which may have unwanted side effects. However, it is important to ensure that legalization is accompanied by effective regulations to prevent illegal use and abuse of marijuana.",Should marijuana be legalized for medicinal purposes only or for recreational use as well?,"From a medical perspective, marijuana has been shown to have therapeutic benefits for certain conditions, such as chronic pain, nausea, and muscle spasticity. Legalizing marijuana for medical purposes could provide patients with a safe and effective alternative to prescription drugs, which may have unwanted side effects. However, it is important to ensure that legalization is accompanied by effective regulations to prevent illegal use and abuse of marijuana.","Minimal, Left"
"How would drug/marijuana legalization affect the criminal justice system and prison population? Drug/marijuana legalization could have a significant impact on the criminal justice system and prison population. Legalization could lead to a decrease in drug-related arrests, prosecutions, and incarcerations, as well as a reduction in the associated costs of law enforcement, judicial proceedings, and prison operations. Legalization could also potentially reduce the disproportionate impact of drug laws on marginalized communities, which are often disproportionately affected by drug-related arrests and incarceration. However, the impact of drug/marijuana legalization on the criminal justice system and prison population may depend on various factors, such as the specific drug or substance, the extent of legalization, and the effectiveness of regulations and prevention measures to ensure responsible use and prevent illegal activities. It's also worth noting that legalization alone may not be sufficient to address the underlying issues that contribute to drug-related crime and incarceration. Addressing these issues may require a comprehensive approach that includes prevention, education, treatment, and support services for individuals struggling with drug addiction and related problems.",How would drug/marijuana legalization affect the criminal justice system and prison population?,"Drug/marijuana legalization could have a significant impact on the criminal justice system and prison population. Legalization could lead to a decrease in drug-related arrests, prosecutions, and incarcerations, as well as a reduction in the associated costs of law enforcement, judicial proceedings, and prison operations. Legalization could also potentially reduce the disproportionate impact of drug laws on marginalized communities, which are often disproportionately affected by drug-related arrests and incarceration. However, the impact of drug/marijuana legalization on the criminal justice system and prison population may depend on various factors, such as the specific drug or substance, the extent of legalization, and the effectiveness of regulations and prevention measures to ensure responsible use and prevent illegal activities. It's also worth noting that legalization alone may not be sufficient to address the underlying issues that contribute to drug-related crime and incarceration. Addressing these issues may require a comprehensive approach that includes prevention, education, treatment, and support services for individuals struggling with drug addiction and related problems.","Minimal, Left"
"How would legalization reduce the power and influence of drug cartels? Legalization could potentially reduce the power and influence of drug cartels in several ways. First, by legalizing drugs, the demand for illegal drugs on the black market would likely decrease, which would reduce the profitability of drug trafficking and limit the revenue streams of drug cartels. Second, legalization could create a regulated market for drugs, which would allow legal businesses to compete with illegal drug suppliers, thereby reducing the dominance of drug cartels in the drug trade. Third, legalization could lead to improved border security and law enforcement efforts to prevent the smuggling of illegal drugs, which could further reduce the power and influence of drug cartels. However, it is important to note that the impact of legalization on drug cartels may depend on various factors, such as the specific drug or substance, the extent of legalization, and the effectiveness of regulations and enforcement measures to prevent illegal activities. In addition, drug cartels may adapt and shift their operations to other illegal activities, such as human trafficking or money laundering, which may require additional efforts to combat.",How would legalization reduce the power and influence of drug cartels?,"Legalization could potentially reduce the power and influence of drug cartels in several ways. First, by legalizing drugs, the demand for illegal drugs on the black market would likely decrease, which would reduce the profitability of drug trafficking and limit the revenue streams of drug cartels. Second, legalization could create a regulated market for drugs, which would allow legal businesses to compete with illegal drug suppliers, thereby reducing the dominance of drug cartels in the drug trade. Third, legalization could lead to improved border security and law enforcement efforts to prevent the smuggling of illegal drugs, which could further reduce the power and influence of drug cartels. However, it is important to note that the impact of legalization on drug cartels may depend on various factors, such as the specific drug or substance, the extent of legalization, and the effectiveness of regulations and enforcement measures to prevent illegal activities. In addition, drug cartels may adapt and shift their operations to other illegal activities, such as human trafficking or money laundering, which may require additional efforts to combat.","Minimal, Right"
"What impact would drug/marijuana legalization have on driving under the influence (DUI) laws? Legalizing drugs, including marijuana, could have a significant impact on driving under the influence (DUI) laws. The legalization of marijuana could lead to an increase in the number of individuals who use the drug, which may increase the risk of impaired driving. This, in turn, could result in an increased need for effective measures to prevent and detect marijuana-impaired driving. One potential impact of drug/marijuana legalization on DUI laws is that it could lead to the development of new laws and regulations governing drug-impaired driving. These laws may include specific limits on the amount of marijuana that can be present in a driver's system, or guidelines for evaluating marijuana-impaired driving. Additionally, drug/marijuana legalization could lead to increased investment in research and development of effective testing methods for detecting drug-impaired driving, which could improve law enforcement efforts to prevent and detect impaired driving. However, it is important to note that drug-impaired driving laws may face challenges in accurately detecting and measuring drug impairment, particularly with marijuana, which can remain in the body for extended periods after use. Therefore, it is important to ensure that any new laws and regulations are based on accurate and reliable scientific evidence to effectively balance public safety with individual rights and freedoms.",What impact would drug/marijuana legalization have on driving under the influence (DUI) laws?,"Legalizing drugs, including marijuana, could have a significant impact on driving under the influence (DUI) laws. The legalization of marijuana could lead to an increase in the number of individuals who use the drug, which may increase the risk of impaired driving. This, in turn, could result in an increased need for effective measures to prevent and detect marijuana-impaired driving. One potential impact of drug/marijuana legalization on DUI laws is that it could lead to the development of new laws and regulations governing drug-impaired driving. These laws may include specific limits on the amount of marijuana that can be present in a driver's system, or guidelines for evaluating marijuana-impaired driving. Additionally, drug/marijuana legalization could lead to increased investment in research and development of effective testing methods for detecting drug-impaired driving, which could improve law enforcement efforts to prevent and detect impaired driving. However, it is important to note that drug-impaired driving laws may face challenges in accurately detecting and measuring drug impairment, particularly with marijuana, which can remain in the body for extended periods after use. Therefore, it is important to ensure that any new laws and regulations are based on accurate and reliable scientific evidence to effectively balance public safety with individual rights and freedoms.","Minimal, Right"
"Is drug/marijuana legalization a matter of individual freedom or public health and safety? The question of whether drug/marijuana legalization is a matter of individual freedom or public health and safety is complex and has been the subject of much debate. Advocates for legalization argue that individuals should have the freedom to make their own choices about what they put into their bodies, and that criminalizing drug use is a violation of individual liberty. They also argue that legalization could lead to increased regulation, education, and public health measures to ensure responsible drug use and minimize the negative consequences of drug use. On the other hand, opponents of legalization argue that drug use can have negative health and social consequences, and that the government has a responsibility to protect public health and safety. They argue that legalization could lead to increased drug use and addiction rates, and that the negative consequences of drug use, such as impaired driving and increased healthcare costs, could outweigh any potential benefits. Ultimately, the question of whether drug/marijuana legalization is a matter of individual freedom or public health and safety is a matter of perspective, and may depend on various factors such as the specific drug or substance, the extent of legalization, and the effectiveness of regulations and prevention measures to ensure responsible use and prevent illegal activities.",Is drug/marijuana legalization a matter of individual freedom or public health and safety?,"The question of whether drug/marijuana legalization is a matter of individual freedom or public health and safety is complex and has been the subject of much debate. Advocates for legalization argue that individuals should have the freedom to make their own choices about what they put into their bodies, and that criminalizing drug use is a violation of individual liberty. They also argue that legalization could lead to increased regulation, education, and public health measures to ensure responsible drug use and minimize the negative consequences of drug use. On the other hand, opponents of legalization argue that drug use can have negative health and social consequences, and that the government has a responsibility to protect public health and safety. They argue that legalization could lead to increased drug use and addiction rates, and that the negative consequences of drug use, such as impaired driving and increased healthcare costs, could outweigh any potential benefits. Ultimately, the question of whether drug/marijuana legalization is a matter of individual freedom or public health and safety is a matter of perspective, and may depend on various factors such as the specific drug or substance, the extent of legalization, and the effectiveness of regulations and prevention measures to ensure responsible use and prevent illegal activities.","Minimal, Right"
"Why would legalizing marijuana lead to a decrease in opioid addiction and overdose deaths? One perspective on why legalizing marijuana could lead to a decrease in opioid addiction and overdose deaths is that marijuana could serve as a substitute for opioids for individuals who are suffering from pain or other medical conditions. Some studies have suggested that marijuana can be an effective alternative to opioids for pain management, and may have a lower risk of addiction and overdose. Legalizing marijuana could also lead to increased research into its potential medicinal benefits, which could lead to the development of new treatments and therapies for pain and other medical conditions, thereby reducing the need for opioid medications. Additionally, legalizing marijuana could reduce the stigma associated with drug use and addiction, which could encourage individuals to seek treatment and support for their addiction, rather than hiding it or avoiding seeking help. This could lead to earlier intervention and treatment for opioid addiction, which could help to reduce overdose deaths.",Why would legalizing marijuana lead to a decrease in opioid addiction and overdose deaths?,"One perspective on why legalizing marijuana could lead to a decrease in opioid addiction and overdose deaths is that marijuana could serve as a substitute for opioids for individuals who are suffering from pain or other medical conditions. Some studies have suggested that marijuana can be an effective alternative to opioids for pain management, and may have a lower risk of addiction and overdose. Legalizing marijuana could also lead to increased research into its potential medicinal benefits, which could lead to the development of new treatments and therapies for pain and other medical conditions, thereby reducing the need for opioid medications. Additionally, legalizing marijuana could reduce the stigma associated with drug use and addiction, which could encourage individuals to seek treatment and support for their addiction, rather than hiding it or avoiding seeking help. This could lead to earlier intervention and treatment for opioid addiction, which could help to reduce overdose deaths.","Minimal, Left"
"How would drug/marijuana legalization impact the black market for drugs? Drug/marijuana legalization could have a significant impact on the black market for drugs. One perspective is that legalizing drugs, including marijuana, could reduce the demand for illegal drugs, thereby reducing the profits of drug cartels and other illegal drug traffickers. By legalizing and regulating drugs, governments can ensure that drugs are sold in safe and controlled environments, with quality control measures in place to ensure that they are not contaminated or adulterated with other harmful substances. This could make it more difficult for black market drug dealers to compete with legal drug sales, and reduce the economic incentives for illegal drug production and distribution. Additionally, drug/marijuana legalization could reduce the need for law enforcement resources to target drug-related crime, which could free up resources for other law enforcement priorities. This, in turn, could reduce the power and influence of drug cartels and other criminal organizations, which could further reduce the black market for drugs. However, it is important to note that the impact of drug/marijuana legalization on the black market for drugs is not straightforward, and may depend on various factors such as the specific drug or substance, the extent of legalization, and the effectiveness of regulations and prevention measures to prevent illegal activities.",How would drug/marijuana legalization impact the black market for drugs?,"Drug/marijuana legalization could have a significant impact on the black market for drugs. One perspective is that legalizing drugs, including marijuana, could reduce the demand for illegal drugs, thereby reducing the profits of drug cartels and other illegal drug traffickers. By legalizing and regulating drugs, governments can ensure that drugs are sold in safe and controlled environments, with quality control measures in place to ensure that they are not contaminated or adulterated with other harmful substances. This could make it more difficult for black market drug dealers to compete with legal drug sales, and reduce the economic incentives for illegal drug production and distribution. Additionally, drug/marijuana legalization could reduce the need for law enforcement resources to target drug-related crime, which could free up resources for other law enforcement priorities. This, in turn, could reduce the power and influence of drug cartels and other criminal organizations, which could further reduce the black market for drugs. However, it is important to note that the impact of drug/marijuana legalization on the black market for drugs is not straightforward, and may depend on various factors such as the specific drug or substance, the extent of legalization, and the effectiveness of regulations and prevention measures to prevent illegal activities.","Minimal, Right"
"Should employers be allowed to drug test employees for marijuana use if it is legal in their state? This is a complex issue with arguments on both sides. On one hand, employers have the right to maintain a drug-free workplace and ensure the safety of their employees and customers. They may argue that drug testing is necessary to ensure that employees are not impaired on the job and that marijuana use could affect job performance, productivity, and safety. On the other hand, marijuana legalization in a state may suggest that the use of marijuana is a personal choice and should not be a factor in employment decisions. Employees may argue that they have a right to use marijuana outside of work and that drug testing for marijuana is an invasion of their privacy. Ultimately, whether or not employers should be allowed to drug test employees for marijuana use if it is legal in their state is a decision that should be made by lawmakers and regulators. They must balance the interests of employers in maintaining a drug-free workplace with the rights of employees to privacy and personal choice. Until such a decision is made, employers may choose to continue drug testing employees for marijuana use, even in states where it is legal, as long as they follow state and federal laws and regulations.",Should employers be allowed to drug test employees for marijuana use if it is legal in their state?,"This is a complex issue with arguments on both sides. On one hand, employers have the right to maintain a drug-free workplace and ensure the safety of their employees and customers. They may argue that drug testing is necessary to ensure that employees are not impaired on the job and that marijuana use could affect job performance, productivity, and safety. On the other hand, marijuana legalization in a state may suggest that the use of marijuana is a personal choice and should not be a factor in employment decisions. Employees may argue that they have a right to use marijuana outside of work and that drug testing for marijuana is an invasion of their privacy. Ultimately, whether or not employers should be allowed to drug test employees for marijuana use if it is legal in their state is a decision that should be made by lawmakers and regulators. They must balance the interests of employers in maintaining a drug-free workplace with the rights of employees to privacy and personal choice. Until such a decision is made, employers may choose to continue drug testing employees for marijuana use, even in states where it is legal, as long as they follow state and federal laws and regulations.","Minimal, Right"
How would a libertarian answer: Would legalizing marijuana lead to an increase in drug tourism in certain areas?,How would a libertarian answer: Would legalizing marijuana lead to an increase in drug tourism in certain areas?,"A libertarian might argue that the government should not be involved in regulating drug use or controlling individuals' personal choices, including whether or not to use marijuana. Therefore, they might believe that legalizing marijuana would not necessarily lead to an increase in drug tourism in certain areas, but rather that individuals should have the freedom to use marijuana as they choose without government interference. Furthermore, a libertarian might argue that drug tourism is a market response to government policies, and that legalizing marijuana would remove the need for individuals to travel to certain areas to access the drug. By legalizing marijuana, individuals would be able to purchase and use it in their own communities, without the need to travel for it. Overall, a libertarian perspective would prioritize individual freedom and choice over government regulation and control, and would likely support the legalization of marijuana regardless of the potential for increased drug tourism in certain areas.","Minimal, Right"
"What impact would drug/marijuana legalization have on mental health? The impact of drug/marijuana legalization on mental health is a complex issue, and the answer depends on various factors. On one hand, drug/marijuana legalization may have positive effects on mental health. For example, legalizing marijuana may provide access to safe, regulated products that are less likely to be laced with harmful substances. Additionally, legalization may reduce the stigma associated with drug use, allowing individuals to seek help without fear of legal repercussions. Furthermore, legalizing marijuana may lead to increased research and education on the drug, which could result in improved treatments and interventions for mental health conditions. On the other hand, drug/marijuana legalization may also have negative effects on mental health. For example, increased access to drugs may result in greater use and abuse, leading to addiction and other mental health disorders. Additionally, marijuana use has been linked to increased risk of psychosis, particularly in individuals who are vulnerable to mental illness. Furthermore, legalization may result in increased availability of potent strains of marijuana, which could lead to greater risks for mental health problems. Overall, the impact of drug/marijuana legalization on mental health is complex and multifaceted. While it may have both positive and negative effects, it is important to consider the potential risks and benefits when making decisions about drug policy. It is also important to prioritize education, research, and public health initiatives to mitigate any potential negative effects and maximize the benefits of drug/marijuana legalization.",What impact would drug/marijuana legalization have on mental health?,"The impact of drug/marijuana legalization on mental health is a complex issue, and the answer depends on various factors. On one hand, drug/marijuana legalization may have positive effects on mental health. For example, legalizing marijuana may provide access to safe, regulated products that are less likely to be laced with harmful substances. Additionally, legalization may reduce the stigma associated with drug use, allowing individuals to seek help without fear of legal repercussions. Furthermore, legalizing marijuana may lead to increased research and education on the drug, which could result in improved treatments and interventions for mental health conditions. On the other hand, drug/marijuana legalization may also have negative effects on mental health. For example, increased access to drugs may result in greater use and abuse, leading to addiction and other mental health disorders. Additionally, marijuana use has been linked to increased risk of psychosis, particularly in individuals who are vulnerable to mental illness. Furthermore, legalization may result in increased availability of potent strains of marijuana, which could lead to greater risks for mental health problems. Overall, the impact of drug/marijuana legalization on mental health is complex and multifaceted. While it may have both positive and negative effects, it is important to consider the potential risks and benefits when making decisions about drug policy. It is also important to prioritize education, research, and public health initiatives to mitigate any potential negative effects and maximize the benefits of drug/marijuana legalization.","Minimal, Left"
"Should marijuana be regulated like alcohol, with age limits and restrictions on where it can be consumed? Many advocates for marijuana legalization argue that it should be regulated like alcohol, with age limits and restrictions on where it can be consumed. There are several reasons why this approach may be reasonable: Public safety: Regulating marijuana like alcohol would help ensure that it is used responsibly and safely. Age limits would help prevent minors from accessing marijuana, and restrictions on where it can be consumed would help prevent public intoxication and other safety hazards. Consistency: Regulating marijuana like alcohol would create consistency in drug policy, making it easier to enforce and understand. Additionally, it would create a framework for taxation and other regulations that could benefit the economy. Public support: Polls show that the majority of Americans support marijuana legalization, and regulating it like alcohol could be a way to address concerns about public safety and prevent potential negative consequences. However, opponents of marijuana legalization may argue that regulating it like alcohol could lead to increased use and abuse, and that marijuana is not as safe as alcohol. Additionally, there may be concerns about the potential for increased impaired driving or other negative consequences. Overall, whether or not marijuana should be regulated like alcohol is a complex issue that requires careful consideration of the potential risks and benefits. However, many advocates argue that regulation would help ensure public safety and create consistency in drug policy.","Should marijuana be regulated like alcohol, with age limits and restrictions on where it can be consumed?","Many advocates for marijuana legalization argue that it should be regulated like alcohol, with age limits and restrictions on where it can be consumed. There are several reasons why this approach may be reasonable: Public safety: Regulating marijuana like alcohol would help ensure that it is used responsibly and safely. Age limits would help prevent minors from accessing marijuana, and restrictions on where it can be consumed would help prevent public intoxication and other safety hazards. Consistency: Regulating marijuana like alcohol would create consistency in drug policy, making it easier to enforce and understand. Additionally, it would create a framework for taxation and other regulations that could benefit the economy. Public support: Polls show that the majority of Americans support marijuana legalization, and regulating it like alcohol could be a way to address concerns about public safety and prevent potential negative consequences. However, opponents of marijuana legalization may argue that regulating it like alcohol could lead to increased use and abuse, and that marijuana is not as safe as alcohol. Additionally, there may be concerns about the potential for increased impaired driving or other negative consequences. Overall, whether or not marijuana should be regulated like alcohol is a complex issue that requires careful consideration of the potential risks and benefits. However, many advocates argue that regulation would help ensure public safety and create consistency in drug policy.","Minimal, Right"
"Would drug/marijuana legalization lead to increased tax revenue for the government? Drug/marijuana legalization could potentially lead to increased tax revenue for the government. This is because legalizing drugs such as marijuana would create a new market for the drug, which could be regulated and taxed by the government. For example, in states that have legalized marijuana, the government has been able to collect significant tax revenue from sales of the drug. In addition to tax revenue from sales, drug/marijuana legalization could also lead to savings in law enforcement and incarceration costs, which could be redirected towards other government priorities. This could provide additional revenue for the government to use on social programs, education, and infrastructure. However, it is important to note that the potential for increased tax revenue is not the only factor to consider when evaluating drug policy. The potential risks and benefits to public health, safety, and the economy must also be considered. Additionally, the government must ensure that tax revenue is collected and used in a responsible and ethical manner.",Would drug/marijuana legalization lead to increased tax revenue for the government?,"Drug/marijuana legalization could potentially lead to increased tax revenue for the government. This is because legalizing drugs such as marijuana would create a new market for the drug, which could be regulated and taxed by the government. For example, in states that have legalized marijuana, the government has been able to collect significant tax revenue from sales of the drug. In addition to tax revenue from sales, drug/marijuana legalization could also lead to savings in law enforcement and incarceration costs, which could be redirected towards other government priorities. This could provide additional revenue for the government to use on social programs, education, and infrastructure. However, it is important to note that the potential for increased tax revenue is not the only factor to consider when evaluating drug policy. The potential risks and benefits to public health, safety, and the economy must also be considered. Additionally, the government must ensure that tax revenue is collected and used in a responsible and ethical manner.","Minimal, Left"
"What impact would drug/marijuana legalization have on drug education and prevention efforts? The impact of drug/marijuana legalization on drug education and prevention efforts is a complex issue, and the answer depends on various factors. On one hand, drug/marijuana legalization may provide opportunities to educate individuals about responsible drug use and harm reduction. For example, in states that have legalized marijuana, education campaigns have been developed to inform users about safe consumption, potential risks, and how to use the drug responsibly. Additionally, legalization may allow for more accurate and effective messaging around drug use, as the stigma surrounding drug use would be reduced. On the other hand, drug/marijuana legalization may also create challenges for drug education and prevention efforts. For example, individuals may perceive legalized drugs as safe and without risk, leading to increased use and abuse. Additionally, legalization may make it more difficult to prevent youth access to drugs, as age limits may be difficult to enforce and regulation may be less strict than under prohibition. Overall, the impact of drug/marijuana legalization on drug education and prevention efforts is complex and multifaceted. While it may provide opportunities for education and harm reduction, it is important to consider the potential risks and challenges when making decisions about drug policy. It is also important to prioritize education, research, and public health initiatives to mitigate any potential negative effects and maximize the benefits of drug/marijuana legalization.",What impact would drug/marijuana legalization have on drug education and prevention efforts?,"The impact of drug/marijuana legalization on drug education and prevention efforts is a complex issue, and the answer depends on various factors. On one hand, drug/marijuana legalization may provide opportunities to educate individuals about responsible drug use and harm reduction. For example, in states that have legalized marijuana, education campaigns have been developed to inform users about safe consumption, potential risks, and how to use the drug responsibly. Additionally, legalization may allow for more accurate and effective messaging around drug use, as the stigma surrounding drug use would be reduced. On the other hand, drug/marijuana legalization may also create challenges for drug education and prevention efforts. For example, individuals may perceive legalized drugs as safe and without risk, leading to increased use and abuse. Additionally, legalization may make it more difficult to prevent youth access to drugs, as age limits may be difficult to enforce and regulation may be less strict than under prohibition. Overall, the impact of drug/marijuana legalization on drug education and prevention efforts is complex and multifaceted. While it may provide opportunities for education and harm reduction, it is important to consider the potential risks and challenges when making decisions about drug policy. It is also important to prioritize education, research, and public health initiatives to mitigate any potential negative effects and maximize the benefits of drug/marijuana legalization.","Minimal, Left"
"Should marijuana be treated as a gateway drug to other, more dangerous substances? The idea of marijuana as a gateway drug has been a subject of debate for many years. Some people believe that marijuana use can lead to experimentation with other drugs, while others believe that this idea is based on a flawed understanding of drug use. While some studies have suggested that marijuana use can lead to experimentation with other drugs, it is important to note that correlation does not equal causation. There are many factors that can contribute to drug use, and it is difficult to isolate the effects of a single drug on overall drug use patterns. Additionally, it is important to consider the role of drug policy in shaping drug use patterns. Prohibitionist drug policies may lead to increased use of more dangerous drugs, as individuals seek out illegal drugs with higher profit margins. In contrast, a policy of harm reduction, education, and regulation may reduce the overall harm caused by drug use, including reducing the risk of experimentation with more dangerous drugs. Overall, it is important to consider the potential risks and benefits of drug policies when making decisions about drug use. While some people may view marijuana as a gateway drug, it is important to recognize that drug use is a complex issue and that policies should be based on scientific evidence and an understanding of the social and economic factors that influence drug use patterns.","Should marijuana be treated as a gateway drug to other, more dangerous substances?","The idea of marijuana as a gateway drug has been a subject of debate for many years. Some people believe that marijuana use can lead to experimentation with other drugs, while others believe that this idea is based on a flawed understanding of drug use. While some studies have suggested that marijuana use can lead to experimentation with other drugs, it is important to note that correlation does not equal causation. There are many factors that can contribute to drug use, and it is difficult to isolate the effects of a single drug on overall drug use patterns. Additionally, it is important to consider the role of drug policy in shaping drug use patterns. Prohibitionist drug policies may lead to increased use of more dangerous drugs, as individuals seek out illegal drugs with higher profit margins. In contrast, a policy of harm reduction, education, and regulation may reduce the overall harm caused by drug use, including reducing the risk of experimentation with more dangerous drugs. Overall, it is important to consider the potential risks and benefits of drug policies when making decisions about drug use. While some people may view marijuana as a gateway drug, it is important to recognize that drug use is a complex issue and that policies should be based on scientific evidence and an understanding of the social and economic factors that influence drug use patterns.","Minimal, Left"
"Would drug/marijuana legalization lead to increased drug use among teenagers? The impact of drug/marijuana legalization on teenage drug use is a complex issue, and the answer is not straightforward. While some studies have suggested that legalization could lead to increased drug use among teenagers, others have found no significant correlation between legalization and increased use. Proponents of legalization argue that regulation and education campaigns could actually reduce teenage drug use by increasing awareness of the potential risks and promoting responsible use. Additionally, regulation and age limits could make it more difficult for teenagers to obtain marijuana, as they would be unable to purchase it legally. Opponents of legalization argue that legalization could lead to increased use and normalization of drug use, particularly among teenagers. They may point to other substances, such as alcohol and tobacco, as examples of legal substances that are widely used among teenagers. Overall, the impact of drug/marijuana legalization on teenage drug use is a complex issue that depends on a variety of factors, including education, regulation, and social norms. While legalization may increase access to marijuana, it is important to consider the potential benefits and risks of different drug policies and prioritize evidence-based strategies for reducing drug use among teenagers.",Would drug/marijuana legalization lead to increased drug use among teenagers?,"The impact of drug/marijuana legalization on teenage drug use is a complex issue, and the answer is not straightforward. While some studies have suggested that legalization could lead to increased drug use among teenagers, others have found no significant correlation between legalization and increased use. Proponents of legalization argue that regulation and education campaigns could actually reduce teenage drug use by increasing awareness of the potential risks and promoting responsible use. Additionally, regulation and age limits could make it more difficult for teenagers to obtain marijuana, as they would be unable to purchase it legally. Opponents of legalization argue that legalization could lead to increased use and normalization of drug use, particularly among teenagers. They may point to other substances, such as alcohol and tobacco, as examples of legal substances that are widely used among teenagers. Overall, the impact of drug/marijuana legalization on teenage drug use is a complex issue that depends on a variety of factors, including education, regulation, and social norms. While legalization may increase access to marijuana, it is important to consider the potential benefits and risks of different drug policies and prioritize evidence-based strategies for reducing drug use among teenagers.","Minimal, Left"
