Question,Output,Score
"Should certain groups of individuals, such as the mentally ill or intellectually disabled, be exempt from capital punishment?","There is a growing consensus among legal and mental health experts that individuals with certain mental illnesses or intellectual disabilities should be exempt from capital punishment. This is because these individuals may lack the cognitive capacity to fully understand the nature and consequences of their actions, and may not be able to assist in their own defense in a competent manner. In the United States, the Supreme Court has held that the execution of individuals with intellectual disabilities violates the Eighth Amendment's prohibition on cruel and unusual punishment. However, there is still debate over how to define intellectual disability and how to apply this exemption in practice. Similarly, some advocates argue that individuals with severe mental illnesses, such as schizophrenia, should also be exempt from capital punishment. They argue that these individuals may not be able to control their behavior due to their illness, and may not fully understand the legal proceedings against them. Overall, the question of whether certain groups of individuals should be exempt from capital punishment is a complex and controversial one. It involves balancing the need for justice and accountability with concerns about fairness and the potential for executing individuals who may not fully understand the nature of their crimes.",-2.695236
What impact does the use of capital punishment have on the mental health of those sentenced to death?,"The use of capital punishment has been shown to have a significant impact on the mental health of those sentenced to death. Studies have found that individuals on death row experience high levels of stress, anxiety, and depression, as well as a range of other mental health problems. Living in isolation, uncertainty about their fate, and the stigma associated with being a condemned prisoner can all contribute to the psychological distress experienced by individuals on death row. Additionally, the legal process itself can be traumatic, with some defendants reporting feelings of helplessness, despair, and hopelessness as their appeals are denied and their execution date approaches. The impact of capital punishment on mental health can also extend to the families of those sentenced to death. Family members may experience grief, guilt, and shame, as well as the psychological burden of coping with the stigma associated with having a loved one on death row. Critics of capital punishment argue that the psychological harm inflicted on those sentenced to death, and their families, is an additional and unnecessary form of punishment. They argue that life imprisonment without the possibility of parole would provide a more humane and effective form of punishment, without the psychological toll of the death penalty. Overall, the impact of capital punishment on the mental health of those sentenced to death is an important consideration in debates about the use of this form of punishment. It highlights the need for a more holistic approach to criminal justice that takes into account the psychological well-being of all those impacted by the legal system.",-3.074001
How effective is capital punishment as a deterrent to crime? Are there other forms of punishment that could be equally or more effective?,"The effectiveness of capital punishment as a deterrent to crime is a highly debated topic. While some argue that the death penalty serves as a strong deterrent, others contend that it is not an effective deterrent and may even be counterproductive. One major challenge in assessing the deterrent effect of capital punishment is that it is difficult to isolate the effect of the death penalty from other factors that may influence crime rates, such as social and economic conditions. Research on the topic has produced mixed results. Some studies suggest that there may be a modest deterrent effect of capital punishment, particularly for crimes like murder. However, other studies have found no evidence of a deterrent effect, and some have even suggested that the death penalty may be associated with higher homicide rates. There are other forms of punishment that may be equally or more effective than capital punishment. For example, life imprisonment without the possibility of parole is a severe punishment that ensures the offender will never be released from prison. This punishment may be more effective in deterring crime as it avoids the controversy surrounding the morality of taking a human life. Additionally, other forms of punishment, such as restorative justice, may be effective in reducing recidivism and promoting rehabilitation. These approaches aim to repair harm caused by the crime and address the underlying issues that contributed to the offender's behavior.",-0.039085
What is the impact of the death penalty on victims' families and on the broader community?,"The impact of the death penalty on victims' families and on the broader community is a highly contested issue. Supporters of the death penalty argue that it provides a sense of justice and closure for victims' families, and that it serves as a deterrent to would-be criminals. However, opponents of the death penalty argue that it does not provide meaningful closure for victims' families, and that it can actually perpetuate cycles of violence and trauma. Research on the impact of the death penalty on victims' families is mixed. Some studies suggest that families may experience a sense of closure and relief when the offender is executed, while others suggest that the death penalty can actually prolong the grieving process and exacerbate trauma. Additionally, the emotional toll of the lengthy appeals process and the uncertainty of the outcome can be especially difficult for families. In terms of the broader community, the impact of the death penalty is also contested. Some argue that the death penalty serves as a deterrent to would-be criminals, while others contend that it does not have a significant impact on crime rates. Additionally, the high costs of prosecuting death penalty cases can divert resources away from other areas of the justice system, such as crime prevention and rehabilitation programs. Critics of the death penalty argue that it perpetuates cycles of violence and trauma, and that it does not address the root causes of criminal behavior. They argue that alternatives such as restorative justice, which aims to repair harm caused by the crime and address the underlying issues that contributed to the offender's behavior, may be more effective in promoting healing and reducing recidivism.",-1.933614
"What is the impact of capital punishment on issues such as wrongful convictions, racial bias, and the overall effectiveness of the justice system?","The use of capital punishment has significant implications for issues such as wrongful convictions, racial bias, and the overall effectiveness of the justice system. Wrongful convictions are a particularly concerning issue in cases involving capital punishment, as the irreversible nature of the punishment means that there is no opportunity to correct errors after the fact. Studies have found that a significant number of death row inmates have been exonerated of their crimes, often due to DNA evidence or other new information that was not available at the time of their trial. This highlights the potential risks of using capital punishment in cases where there is a possibility of error. Racial bias is also a significant concern in the use of capital punishment. Studies have found that defendants who are Black or Latino are more likely to be sentenced to death than White defendants, particularly in cases where the victim is White. This raises questions about the fairness and equity of the justice system, and whether the death penalty is being administered in a way that is consistent with constitutional protections. The use of capital punishment can also have broader implications for the effectiveness of the justice system. Critics argue that the lengthy appeals process and high costs associated with prosecuting capital cases can divert resources away from other areas of the justice system, such as crime prevention and rehabilitation programs. Additionally, the use of capital punishment can erode public trust in the justice system, particularly in cases where wrongful convictions or other errors have occurred. Overall, the impact of capital punishment on these issues is complex and contested. While some argue that the death penalty can be an effective deterrent to crime, others contend that it raises significant ethical and practical concerns that must be carefully considered.",-5.489561
"What are the economic costs associated with administering capital punishment, and how do these costs compare to alternative forms of punishment?","The economic costs associated with administering capital punishment can be substantial. A number of studies have found that the costs of capital punishment are significantly higher than the costs of alternative forms of punishment such as life imprisonment without parole. One factor contributing to the high costs of capital punishment is the lengthy appeals process that is typically required in death penalty cases. This process can involve multiple layers of appeals and can take years or even decades to complete, during which time the defendant remains on death row. The costs of providing legal representation to the defendant throughout this process can be substantial, as can the costs of hiring expert witnesses and conducting investigations. In addition to the costs of the appeals process, there are also the costs associated with the actual execution itself. These costs can include the costs of maintaining a death row facility, the costs of staffing and securing the facility, and the costs of carrying out the execution. Overall, studies have found that the total costs of administering capital punishment can be several times higher than the costs of alternative forms of punishment such as life imprisonment without parole. One study conducted in California, for example, estimated that the cost of the death penalty in the state was $4 billion over 30 years, compared to $1 billion for the same period if all death penalty cases were instead prosecuted as life imprisonment without parole cases. These high costs have led some policymakers and advocates to question whether capital punishment is a cost-effective use of taxpayer dollars, particularly given the potential risks of wrongful convictions and other ethical concerns associated with the punishment.",-4.830642
"How do public attitudes towards capital punishment vary by region, demographic group, and political affiliation? What factors contribute to these variations?","Public attitudes towards capital punishment can vary significantly by region, demographic group, and political affiliation. Regionally, support for capital punishment tends to be highest in the South and lowest in the Northeast. This regional variation may be due in part to differences in cultural and political attitudes towards crime and punishment. Demographic factors such as age, race, and gender can also influence attitudes towards capital punishment. For example, support for the death penalty tends to be higher among older individuals, whites, and men, while younger individuals, African Americans, and women are generally more likely to oppose it. These differences may reflect variations in life experiences, values, and beliefs. Political affiliation is also a strong predictor of attitudes towards capital punishment, with Republicans generally more likely to support it and Democrats more likely to oppose it. This partisan divide may reflect differences in broader political ideologies and beliefs about the role of government in society. There are a number of factors that can contribute to these variations in attitudes towards capital punishment. These may include differences in exposure to crime, experiences with the justice system, and beliefs about the fairness and effectiveness of the criminal justice system. Additionally, cultural and historical factors may play a role, with some regions and demographic groups more likely to view the death penalty as a necessary and appropriate form of punishment. Overall, public attitudes towards capital punishment are complex and multifaceted, and reflect a wide range of social, cultural, and political factors. Understanding these factors is important for policymakers and advocates seeking to promote effective and equitable criminal justice policies.",-2.345368
"How do other countries' use of capital punishment compare to that of the United States, and what factors contribute to these differences?","The use of capital punishment varies widely among countries around the world, with some countries having abolished the practice entirely and others continuing to use it in limited or widespread circumstances. In terms of overall use, the United States is one of the leading countries in the world in terms of the number of executions carried out. However, compared to other countries with large populations such as China and India, the number of executions in the United States is relatively low. In recent years, several countries have abolished the death penalty, including France, Australia, and Canada, while others have placed moratoriums on its use, such as Pakistan and Egypt. There are a number of factors that contribute to these differences in the use of capital punishment among countries. These may include differences in cultural and religious values, legal and political systems, and social attitudes towards crime and punishment. For example, many European countries have abolished the death penalty as part of a broader commitment to human rights and democratic principles. In some cases, the use of capital punishment may be limited by constitutional or legal provisions that prohibit cruel and unusual punishment. In other cases, the use of capital punishment may be driven by concerns around public safety, the severity of the crime, and the effectiveness of alternative forms of punishment. In some countries, there may also be concerns about corruption, political instability, or the potential for wrongful convictions in death penalty cases. Overall, the use of capital punishment is a complex and contentious issue that reflects a wide range of legal, cultural, and political factors. Understanding these factors is important for policymakers and advocates seeking to promote effective and equitable criminal justice policies both within and across countries.",-9.170034
"How has the use of capital punishment changed over time, both in the United States and internationally?","The use of capital punishment has changed significantly over time, both in the United States and internationally. In the United States, the use of capital punishment has fluctuated over the past century, with periods of high and low use. The first half of the 20th century saw a high number of executions, with an average of around 150 per year. However, by the mid-1960s, public opinion had shifted against capital punishment, and many states began to abolish or restrict its use. In 1972, the U.S. Supreme Court declared capital punishment unconstitutional, but it was reinstated four years later. Since then, the use of capital punishment has declined significantly, with fewer than 50 executions carried out in most recent years. Internationally, there has been a trend towards the abolition of the death penalty in many countries. According to Amnesty International, as of 2021, over 140 countries have abolished the death penalty in law or practice. In some cases, abolition has been driven by concerns about human rights and the inherent cruelty of the death penalty. In other cases, abolition has been motivated by practical concerns, such as the risk of wrongful convictions, the high cost of capital trials, and the lack of evidence that capital punishment deters crime. However, there are still several countries where the use of capital punishment is widespread. In some cases, such as China and Iran, the exact number of executions is not publicly available, but is believed to be high. In other cases, such as the United States and Japan, the use of capital punishment is relatively low compared to historical levels or to other countries. Overall, the use of capital punishment has changed significantly over time, reflecting shifting public attitudes, legal developments, and broader social and political trends. While the practice remains controversial, understanding its historical and international context is important for developing effective and equitable criminal justice policies.",-11.993956
"What is the role of public opinion in shaping the use of capital punishment in the United States, and how have attitudes towards capital punishment changed over time?","Public opinion has played an important role in shaping the use of capital punishment in the United States. The level of support for capital punishment has fluctuated over time, reflecting changing social, political, and cultural trends. In the mid-20th century, public support for capital punishment was high, with polls indicating that around 80% of Americans favored its use. However, by the 1960s, concerns about wrongful convictions, racial bias, and the arbitrary use of the death penalty began to gain wider attention. This led to a decline in public support for capital punishment, which bottomed out in the 1970s and 1980s. In recent years, public opinion on capital punishment has remained relatively stable, with around 55% of Americans expressing support for its use in some form. However, there are significant variations in support by demographic group, with conservatives, Republicans, and older Americans more likely to favor the death penalty than liberals, Democrats, and younger Americans. Despite these differences, there is evidence that attitudes towards capital punishment are becoming more nuanced, with many Americans expressing concerns about the fairness and accuracy of the criminal justice system. This has led to growing support for alternative forms of punishment, such as life imprisonment without the possibility of parole, as well as efforts to reform the criminal justice system more broadly. Overall, public opinion on capital punishment is complex and multifaceted, reflecting a range of social, cultural, and political factors. As the debate over the use of the death penalty continues, understanding these factors is essential for developing policies that reflect the values and aspirations of the American people.",-6.995667
"What are the most common types of crimes that result in the death penalty, and why are they considered the most serious?","The most common types of crimes that result in the death penalty include murder, treason, espionage, war crimes, and crimes against humanity. These crimes are considered the most serious because they involve intentional acts of violence and harm against individuals or society as a whole. In the case of murder, for example, the taking of another person's life is viewed as the ultimate violation of human rights and the social contract that governs human behavior. Additionally, crimes such as treason and espionage are viewed as particularly harmful because they involve betrayal of one's country and potentially endangering national security. The gravity of these crimes is often seen as warranting the most severe punishment available, including the death penalty.",-0.455066
How does the death penalty impact the relationship between law enforcement and the communities they serve?,"The impact of the death penalty on the relationship between law enforcement and the communities they serve is a complex and multifaceted issue. On one hand, proponents of the death penalty argue that it serves as a deterrent to crime and sends a message to the community that the justice system takes serious crimes seriously. This may contribute to a sense of security among the public, as they believe that the government is taking steps to protect them from violent criminals. However, there are also concerns that the use of the death penalty may damage the relationship between law enforcement and the communities they serve, particularly in cases where the defendant is a member of a marginalized group or has had negative experiences with law enforcement in the past. The use of the death penalty has been criticized for perpetuating racial and socio-economic disparities in the criminal justice system, which can erode trust in law enforcement among communities of color and other marginalized groups. Additionally, the high cost and length of time required to carry out a death penalty sentence may also impact the relationship between law enforcement and the community. The use of limited resources and lengthy court proceedings can be viewed as prioritizing punishment over prevention and rehabilitation, which can undermine the legitimacy of the justice system in the eyes of the public. Overall, the impact of the death penalty on the relationship between law enforcement and the communities they serve is complex and often controversial, with arguments for and against its use depending on a range of factors, including the specific context and circumstances of the case.",-6.092019
What is the role of the Supreme Court in determining the constitutionality of the death penalty?,"The Supreme Court of the United States has played a significant role in determining the constitutionality of the death penalty. The Eighth Amendment to the United States Constitution prohibits the government from imposing ""cruel and unusual punishments,"" and the Supreme Court has interpreted this clause to prohibit certain forms of capital punishment. In landmark cases such as Furman v. Georgia (1972) and Gregg v. Georgia (1976), the Supreme Court established a framework for evaluating the constitutionality of the death penalty. The Court held that the death penalty was not inherently unconstitutional, but that it must be imposed in a way that provides sufficient procedural protections and does not violate the Eighth Amendment's prohibition on cruel and unusual punishment. Since then, the Supreme Court has issued a number of rulings on the constitutionality of the death penalty, including cases addressing issues such as the use of lethal injection as a method of execution and the prohibition of the death penalty for certain categories of offenders, such as juveniles and individuals with intellectual disabilities. Overall, the Supreme Court plays a key role in shaping the legal landscape surrounding the death penalty and ensuring that its use is consistent with the Constitution's protections against cruel and unusual punishment.",1.037735
How do the Eighth and Fourteenth Amendments to the U.S. Constitution impact the use of the death penalty in the United States?,"The Eighth Amendment to the U.S. Constitution prohibits the use of ""cruel and unusual punishments,"" while the Fourteenth Amendment guarantees equal protection under the law. These amendments have significant implications for the use of the death penalty in the United States. In the context of the death penalty, the Eighth Amendment has been interpreted to require that capital punishment be administered in a way that does not involve unnecessary pain or suffering. This has led to challenges to specific methods of execution, such as lethal injection, and to broader questions about the constitutionality of the death penalty itself. The Fourteenth Amendment's guarantee of equal protection under the law has also been invoked in challenges to the death penalty. Critics argue that the application of capital punishment is often influenced by factors such as race, socioeconomic status, and geography, leading to unequal treatment under the law. Overall, the Eighth and Fourteenth Amendments play a critical role in shaping the use of the death penalty in the United States, and have been the subject of significant legal debate and interpretation.",-4.431759
"What role do victim impact statements play in death penalty cases, and how do they impact the decision-making process?","Victim impact statements are written or spoken statements given by the family members or loved ones of the victim of a crime during the sentencing phase of a death penalty case. These statements aim to provide the court with information about the impact of the crime on the victim and their family, and may include personal anecdotes, emotional reactions, and details about the victim's life. The role of victim impact statements in death penalty cases is to provide the court with a more complete picture of the harm caused by the crime, beyond just the legal and procedural aspects of the case. The statements may help to humanize the victim, and provide a counterbalance to the defense's arguments in favor of the defendant. However, there is some debate about the impact of victim impact statements on the decision-making process in death penalty cases. Critics argue that these statements can be highly emotional and subjective, and may lead to decisions that are driven more by public opinion and emotion than by legal principles. Additionally, there are concerns about the potential for bias and manipulation, as victim impact statements are often presented by prosecutors who have a vested interest in securing a death sentence. Overall, victim impact statements play an important role in providing the court with a more complete understanding of the impact of a crime, but their impact on the decision-making process in death penalty cases is complex and controversial.",0.220569
How do international extradition laws impact the use of the death penalty for cross-border crimes?,"International extradition laws can have a significant impact on the use of the death penalty for cross-border crimes. The principle of non-refoulement, which prohibits the transfer of individuals to countries where they may face torture or other forms of cruel, inhuman or degrading treatment, is a key consideration in extradition cases. Many countries have refused to extradite individuals to the United States and other countries that still use the death penalty due to concerns about the risk of wrongful convictions and executions. In some cases, countries have sought assurances that the death penalty will not be imposed before agreeing to extradition. There are also international treaties, such as the European Convention on Human Rights, that prohibit the use of the death penalty and require member states to ensure that individuals are not extradited to countries where they may face the death penalty. These treaties can have a significant impact on the ability of countries to extradite individuals for cross-border crimes that may be punishable by death. Overall, the use of the death penalty for cross-border crimes is highly dependent on international extradition laws and agreements, and the application of these laws and agreements can have a significant impact on the ability of countries to bring individuals to justice for these types of crimes.",-6.890408
"What is the history of capital punishment in the United States, and how has it evolved over time?","Capital punishment has a long and complex history in the United States. The first recorded execution in the colonies occurred in 1608 in Jamestown, Virginia. In the early years of the United States, the death penalty was used for a variety of crimes, including theft and forgery. However, by the mid-19th century, many states had begun to limit the use of the death penalty to murder cases. In the 20th century, the use of capital punishment in the United States has been marked by controversy and change. In the 1960s and 1970s, the Supreme Court issued a series of landmark decisions that significantly curtailed the use of the death penalty, particularly in cases where it was imposed arbitrarily or discriminatorily. However, in the 1980s and 1990s, a number of states passed laws that expanded the use of the death penalty, particularly for certain categories of murder, such as those involving multiple victims or the murder of a police officer. Today, the use of the death penalty in the United States remains controversial, with some arguing that it is an essential tool for deterring crime and ensuring justice, while others believe that it is ineffective, discriminatory, and morally wrong.",-4.65206
"What is the role of the prosecutor in deciding whether to seek the death penalty, and how do they make this decision?","In the United States, the decision to seek the death penalty in a criminal case is typically made by the prosecutor. The prosecutor is responsible for presenting evidence and arguments to convince the judge or jury that the defendant deserves the death penalty. The decision to seek the death penalty is typically made early in the criminal justice process, usually after the initial investigation and before the trial. The prosecutor will consider a variety of factors when making this decision, including the nature of the crime, the defendant's criminal history, and the strength of the evidence against the defendant. In some cases, the prosecutor may also consider the wishes of the victim's family or the community's perception of the crime. In general, prosecutors will seek the death penalty in cases where they believe the crime is particularly heinous or brutal, and where they believe that the defendant's guilt is clear and beyond doubt. However, the decision to seek the death penalty is not taken lightly, and prosecutors will often consult with other attorneys, law enforcement officials, and victim advocates before making a final decision.",1.559474
How does the use of the death penalty impact public confidence in the justice system?,"The use of the death penalty can have a significant impact on public confidence in the justice system. On the one hand, some people believe that the death penalty is necessary to punish the most serious crimes and to provide closure to victims' families. They argue that the death penalty serves as a deterrent to other potential criminals and that it is an important tool for maintaining law and order. On the other hand, there are many people who believe that the death penalty is unjust and inhumane. They argue that the death penalty is often applied unfairly, with poor and minority defendants more likely to receive the death penalty than their wealthier or white counterparts. Furthermore, some argue that the risk of executing an innocent person is too great to justify the use of the death penalty. The controversy surrounding the use of the death penalty can undermine public confidence in the justice system. When the system is seen as unfair or arbitrary, people are less likely to trust in its ability to deliver justice. This can lead to a sense of frustration and disillusionment among members of the public, which can ultimately lead to a breakdown in law and order. As such, it is important for policymakers to carefully consider the impact of the death penalty on public confidence in the justice system. Policymakers must weigh the benefits of the death penalty against its potential costs, and must strive to ensure that the system is seen as fair, transparent, and accountable.",-1.611874
"How does the use of the death penalty impact the prison system, and what are the challenges associated with administering this form of punishment?","The use of the death penalty has significant impacts on the prison system, including financial costs, staffing requirements, and inmate classification. Death row inmates require special housing, medical care, and other services that are often more expensive than those required by other inmates. Additionally, death row inmates are typically housed in more restrictive conditions than other inmates, which can lead to mental health problems and other negative consequences. The appeals process for death row inmates can also place significant strain on the judicial system and lead to further backlogs in the courts. Moreover, the process of administering the death penalty involves significant logistical challenges, including finding trained personnel to carry out executions, ensuring the proper use of lethal injection drugs, and addressing ethical concerns regarding the involvement of medical professionals. Finally, the emotional toll of administering the death penalty on prison staff and others involved in the process can be significant, leading to issues such as PTSD and burnout.",-0.75118
Is the Death Penalty necessary as just retribution for victims' families?,"The question of whether the death penalty is necessary as just retribution for victims' families is a contentious one. While some argue that it provides closure and a sense of justice for families of victims, others argue that it is a flawed form of punishment that does not adequately address the emotional needs of victims' families. Furthermore, research has shown that families of victims may not always support the use of the death penalty, and some advocate for restorative justice practices instead. Ultimately, the decision of whether or not to use the death penalty should be based on considerations of justice, effectiveness, and ethical concerns, rather than solely on the desire to provide retribution for victims' families.",-0.726046
"""Cruel and unusual punishment"" is a strong sentiment, but aren't executions from the death penalty relatively swift and painless?","The issue of whether executions from the death penalty are relatively swift and painless is controversial and debated. While supporters of the death penalty argue that modern execution methods such as lethal injection are humane and painless, opponents argue that there have been cases where executions have resulted in extreme suffering and prolonged pain. In addition, some argue that the psychological toll of being on death row and the uncertainty of the execution date can be a form of cruel and unusual punishment in and of itself. Ultimately, the question of whether the death penalty constitutes cruel and unusual punishment is a matter of opinion and interpretation, and is often subject to legal challenges in courts.",0.175478
Do only the worst criminals get sentenced to death?,"The answer to this question depends on the laws and practices of the specific country or jurisdiction in question. In some countries, the death penalty is reserved only for the most serious crimes, such as murder, terrorism, and treason. However, in other countries, the death penalty may be used for a wider range of offenses, such as drug trafficking, espionage, and economic crimes. It is also worth noting that the severity of the crime is not the only factor that determines whether a person receives the death penalty. Other factors, such as the age of the offender, their mental state, and their prior criminal history, may also be taken into account. In addition, the use of the death penalty is controversial and subject to debate, with some arguing that it is an effective deterrent against crime, while others argue that it is ineffective, immoral, and can result in the execution of innocent people.",-0.577971
Does God have the right to execute people over the government?,"The answer to this question depends on one's personal beliefs and religious convictions. Different religions and belief systems have different views on the role of a deity in administering justice, and there is no universal consensus on this issue. In some religions, it is believed that a deity has the right to execute individuals who have committed serious sins or crimes. However, in other religions, it is believed that the taking of human life is solely within the purview of human beings, and that a deity may punish or reward individuals in the afterlife. It is important to note that in most countries, the power to execute individuals is vested in the government and is carried out by legal authorities following established legal procedures. The idea of a deity executing people is not a concept that aligns with the current system of government and law in most countries. In summary, the question of whether God has the right to execute people over the government is a matter of personal belief and religious conviction, and there is no universal answer to this question.",1.884563
"Does capital punishment make people afraid to commit crimes in the future, thus making it effective?","The effectiveness of capital punishment in deterring crime is a topic of debate among scholars and researchers. Some studies suggest that the death penalty can act as a deterrent, while others indicate that it may have little to no effect on crime rates. Those who argue that capital punishment is a deterrent suggest that the fear of being executed may dissuade individuals from committing crimes. They argue that the death penalty sends a strong message to society that certain crimes are unacceptable and that those who commit them will face severe consequences. However, others contend that the death penalty is not an effective deterrent, as individuals who commit violent crimes often do so in the heat of the moment or under the influence of drugs or alcohol and are not considering the consequences of their actions. In addition, some argue that the lengthy appeals process and the possibility of wrongful convictions can undermine the deterrent effect of the death penalty. Overall, the effectiveness of capital punishment as a deterrent is difficult to measure, and there is no consensus on whether it is an effective means of reducing crime.",-1.767633
Is the death penalty fair?,"The fairness of the death penalty is a matter of ongoing debate and controversy. Supporters of capital punishment argue that it is a fair and just punishment for individuals who have committed heinous crimes such as murder, treason, or terrorism. They argue that the death penalty serves as a deterrent to potential offenders, and that it provides a sense of closure to victims and their families. However, opponents of capital punishment argue that the death penalty is inherently unfair and violates the principles of justice and human rights. They point to issues such as the possibility of wrongful convictions, the disproportionate impact of the death penalty on marginalized communities, and the potential for bias in the legal system. In summary, the question of whether the death penalty is fair is a complex and contentious issue, and opinions on this topic vary widely.",-1.445835
Should juvenile killers be executed?,"The question of whether juvenile killers should be executed is a highly controversial and divisive issue. In many countries, including the United States, it is illegal to execute individuals who were under the age of 18 at the time of their crime. This is due in part to the fact that juveniles are considered to be less culpable for their actions than adults, and may be more susceptible to peer pressure, immaturity, and impulsivity. Opponents of the death penalty argue that juvenile offenders should not be executed because it is cruel and unusual punishment, and because it violates international human rights standards. They argue that juvenile offenders are still developing and may not fully understand the gravity of their actions, and that the death penalty fails to take into account the possibility of rehabilitation and reform. Supporters of the death penalty for juvenile killers argue that certain crimes, such as premeditated murder, are so heinous and depraved that they warrant the ultimate punishment, regardless of the offender's age. They also argue that the threat of the death penalty may act as a deterrent to potential offenders, and that it provides a sense of justice and closure to victims and their families. In summary, the question of whether juvenile killers should be executed is a complex and controversial issue, and opinions on this topic vary widely.",0.315252
Should appeals be allowed in death penalty cases?,"The question of whether appeals should be allowed in death penalty cases is an important one. Appeals are a crucial aspect of the legal process, as they allow defendants to challenge their convictions and sentences based on legal errors, new evidence, or other factors. In death penalty cases, the stakes are particularly high, as the ultimate punishment of death is irreversible. Therefore, it is important that defendants have the opportunity to appeal their convictions and sentences to ensure that they were obtained fairly and in accordance with the law. Opponents of the death penalty argue that appeals are particularly important in these cases, as they can help to prevent wrongful convictions and ensure that the ultimate punishment is only applied in cases where guilt is certain. They also argue that the appeals process can help to identify and correct flaws in the legal system that may have led to unjust outcomes. Supporters of the death penalty may argue that the appeals process can be lengthy and costly, and that it can cause additional suffering for victims and their families. However, most legal systems allow for at least one round of appeals in death penalty cases, and some allow for multiple rounds in order to ensure that justice is served. In summary, allowing appeals in death penalty cases is an important aspect of ensuring that the ultimate punishment is applied fairly and in accordance with the law. While there may be some drawbacks to the appeals process, it is generally seen as an important safeguard against wrongful convictions and other errors in the legal system.",0.913609
Should the United States have the right to execute foreigners?,"The question of whether the United States should have the right to execute foreigners is a complex and contentious issue. Under international law, countries generally have the right to enforce their own criminal laws, including the imposition of the death penalty. However, there are several factors that complicate the question of whether foreign nationals should be subject to the death penalty in the United States. One concern is that foreign nationals may not receive the same level of legal representation and protection as U.S. citizens. This could be due to language barriers, cultural differences, or other factors that may make it more difficult for foreign nationals to navigate the U.S. legal system. Additionally, some critics argue that executing foreign nationals could strain diplomatic relations with other countries and undermine international human rights standards. On the other hand, supporters of the death penalty may argue that foreign nationals who commit crimes in the United States should be subject to the same punishment as U.S. citizens. They may also argue that the threat of the death penalty may serve as a deterrent to potential offenders, regardless of their nationality. In summary, the question of whether the United States should have the right to execute foreign nationals is a complex and controversial issue. While countries generally have the right to enforce their own criminal laws, there are several factors that may complicate the application of the death penalty to foreign nationals.",-0.352399
Is capital punishment an ethical issue?,"Yes, capital punishment, also known as the death penalty, is widely considered an ethical issue. This is because it involves the taking of a human life by the state as a punishment for a crime. The use of the death penalty raises fundamental ethical questions about the value of human life, the limits of state power, the principles of justice and fairness, and the morality of punishment. Opponents of the death penalty argue that it is a violation of the fundamental right to life, and that the state should not have the power to take the life of its citizens, regardless of the crime they have committed. They also point to the risk of wrongful convictions, the potential for racial and socioeconomic bias, and the lack of evidence that the death penalty is an effective deterrent to crime. Supporters of the death penalty, on the other hand, argue that it is a just punishment for certain crimes, particularly those involving violence and murder. They also contend that the death penalty serves as a deterrent to crime and can provide closure for victims' families. In summary, capital punishment is widely considered an ethical issue because it raises questions about the value of human life, the principles of justice and fairness, and the morality of punishment.",-8.447914