,Question,Output,Date,Score
0,Question,Output,Date o/ output,-0.860958
1,What is the history of gun control laws in the United States?,"The history of gun control laws in the United States dates back to the colonial era, where laws were implemented to regulate the use of firearms. However, the modern debate over gun control laws began in the late 19th century with the rise of violent crime, particularly in cities like New York and Chicago.

Here are some key events and laws in the history of gun control in the United States:

1934: The National Firearms Act (NFA) was passed, which regulates the sale and ownership of certain types of firearms, including machine guns, short-barreled rifles, and shotguns, and requires the registration of such weapons with the federal government.
1968: The Gun Control Act (GCA) was passed, which prohibited the sale of firearms to certain individuals, including felons, those with a history of mental illness, and minors, and established a licensing system for firearms dealers.
1993: The Brady Handgun Violence Prevention Act was passed, which established a system of background checks for individuals purchasing firearms from licensed dealers.
1994-2004: The Federal Assault Weapons Ban was in effect, which banned the manufacture and sale of certain types of semi-automatic firearms and high-capacity magazines.
2008: The Supreme Court ruled in District of Columbia v. Heller that the Second Amendment protects an individual's right to own a firearm for self-defense in the home.
2013: In response to the Sandy Hook Elementary School shooting, several states passed stricter gun control laws, including Connecticut, New York, and Colorado.
2018: In response to the Parkland school shooting, Florida passed several new gun control measures, including raising the minimum age to purchase firearms to 21 and banning bump stocks.
The debate over gun control laws continues to be a highly controversial and politically charged issue in the United States, with advocates on both sides arguing for their positions on the basis of personal freedom, public safety, and the interpretation of the Second Amendment.",3/09,-1.319413
2,What are the current federal laws regarding gun control?,"The current federal laws regarding gun control in the United States are primarily governed by the Gun Control Act of 1968 (GCA) and the Brady Handgun Violence Prevention Act of 1993. Here are some key provisions of these laws:

Prohibited Persons: The GCA prohibits certain categories of individuals from purchasing or possessing firearms, including convicted felons, fugitives, illegal drug users, individuals with a history of mental illness, and domestic abusers.
Background Checks: The Brady Act requires that all licensed firearms dealers conduct background checks on prospective buyers to ensure they are not prohibited from owning a firearm.
Gun Trafficking: The GCA prohibits the trafficking of firearms across state lines and makes it illegal for individuals to sell or transfer firearms to someone they know is prohibited from owning them.
Gun Sales: The GCA also regulates the sale of firearms by requiring all licensed firearms dealers to maintain records of gun sales and report certain types of transactions to the Bureau of Alcohol, Tobacco, Firearms and Explosives (ATF).
Assault Weapons: The use and sale of assault weapons and high-capacity magazines is regulated by a variety of state laws, but there is no federal ban on such weapons.
It's important to note that state laws can vary widely in terms of their gun control regulations. Some states have more restrictive laws than the federal government, while others have relatively permissive laws.



",3/09,1.468083
3,How do state gun control laws differ from federal laws?,"State gun control laws differ from federal laws in several ways. While federal laws establish minimum standards for gun control across the country, states have the authority to enact their own gun control laws, as long as they do not conflict with federal law. Here are some ways in which state gun control laws may differ from federal laws:

Background checks: While the Brady Act requires background checks for all firearms sales from licensed dealers, some states have extended this requirement to private sales and transfers of firearms between individuals.
Gun registration: Some states require firearms to be registered with state authorities, while federal law does not require gun registration.
Magazine capacity: While there is no federal ban on high-capacity magazines, several states have enacted their own bans or restrictions on these types of magazines.
Assault weapons: While the federal government does not regulate the sale or use of assault weapons, some states have enacted their own bans or restrictions on these types of firearms.
Concealed carry permits: States have varying requirements for obtaining a concealed carry permit, including training, background checks, and fees.
Stand-your-ground laws: Some states have ""stand-your-ground"" laws that allow individuals to use deadly force in self-defense without first attempting to retreat from a dangerous situation. Federal law does not address this issue.
Overall, state gun control laws can vary significantly depending on the political climate and values of the state's residents and lawmakers. As a result, the effectiveness of state gun control laws in reducing gun violence is the subject of ongoing debate.",3/09,0.604767
4,What are some proposed solutions to gun violence in the United States?,"There have been numerous proposed solutions to gun violence in the United States, some of which include:

Universal background checks: This proposal would require background checks for all firearm purchases, including those made at gun shows and online.
Red flag laws: These laws allow for the temporary confiscation of firearms from individuals who pose a risk to themselves or others.
Assault weapons ban: A ban on the sale and possession of semi-automatic rifles with detachable magazines and certain features such as pistol grips and barrel shrouds.
Enhanced mental health services: Improving access to mental health care services may help prevent individuals who are at risk of harming themselves or others from accessing firearms.
Gun buyback programs: These programs offer individuals the opportunity to turn in their firearms for compensation.
Stricter penalties for gun trafficking: This proposal would increase penalties for individuals who sell firearms to prohibited individuals or who smuggle firearms across state or national borders.
Education and public awareness campaigns: Education and public awareness campaigns can help increase understanding of the risks of gun ownership and the importance of responsible firearm use.
It is worth noting that different proposals have received varying levels of support and opposition from different groups within society. The debate surrounding gun violence and gun control is complex and multifaceted, with different perspectives and interests often coming into play.",3/09,-1.802666
5,What is the Second Amendment and how does it impact gun control laws?,"The Second Amendment is a part of the United States Constitution's Bill of Rights, which was ratified in 1791. It states: ""A well regulated Militia, being necessary to the security of a free State, the right of the people to keep and bear Arms, shall not be infringed.""

The Second Amendment has been the subject of intense debate and interpretation over the years, particularly with regard to how it impacts gun control laws. Supporters of gun ownership often interpret the amendment as guaranteeing an individual right to own and carry firearms. They argue that any attempts to restrict gun ownership are a violation of this right.

Opponents of gun ownership, on the other hand, argue that the Second Amendment was intended to apply to militias rather than individuals, and that it does not necessarily preclude reasonable restrictions on gun ownership.

The Supreme Court has issued several rulings related to the Second Amendment and gun control laws. In the landmark 2008 case District of Columbia v. Heller, the Court held that the Second Amendment protects an individual's right to possess a firearm for self-defense in the home. However, the Court also noted that this right is not unlimited, and that certain regulations on gun ownership may be permissible.

Overall, the Second Amendment has had a significant impact on the gun control debate in the United States, with proponents of gun ownership often citing it as a key reason to oppose restrictions on gun ownership. However, the interpretation of the amendment is far from settled, and the debate over gun control is likely to continue for the foreseeable future.",3/09,-2.371826
6,What is the National Rifle Association (NRA) and how does it influence gun control policy?,"The National Rifle Association (NRA) is a nonprofit organization that advocates for the protection of the Second Amendment and gun rights in the United States. It was founded in 1871 and has since become one of the most influential advocacy organizations in the country.

The NRA's influence on gun control policy comes from its ability to mobilize a large number of supporters and lobby policymakers. The organization has a powerful political action committee (PAC) that donates money to political campaigns and candidates who support its agenda. The NRA has also been successful in rallying its members to contact their elected officials and voice their support for gun rights.

The organization has been effective in blocking many gun control measures over the years, including universal background checks and assault weapons bans. It has also been successful in passing laws that expand gun rights, such as laws allowing concealed carry and ""stand your ground"" laws.

Critics of the NRA argue that the organization's influence on gun control policy is disproportionate to its actual membership and that it has used its financial resources to intimidate lawmakers who might otherwise support gun control measures. They also argue that the NRA's agenda is not aligned with the interests of the majority of Americans, many of whom support stronger gun control laws.

Overall, the NRA's influence on gun control policy is significant, and the organization has played a key role in shaping the national debate over gun rights and gun control.",3/09,-5.831737
7,How does the United States compare to other countries in terms of gun ownership and gun violence?,"The United States has one of the highest rates of gun ownership and gun violence in the world. According to data from the Small Arms Survey, the United States has an estimated 120.5 guns per 100 people, which is the highest rate of gun ownership in the world.

The United States also has a significantly higher rate of gun violence than other developed countries. According to data from the World Health Organization (WHO), the United States has a firearm homicide rate that is about 25 times higher than the average rate of other high-income countries.

In terms of mass shootings, the United States also has a much higher rate than other countries. According to a study by Adam Lankford of the University of Alabama, the United States accounted for 31% of all public mass shootings in the world from 1966 to 2012, despite only having about 5% of the world's population.

It is important to note that the relationship between gun ownership and gun violence is complex, and there is no simple solution to reducing gun violence. Other factors, such as socioeconomic inequality, mental health issues, and a history of violence, may also contribute to higher rates of gun violence in the United States.

Overall, while the United States is not alone in experiencing gun violence, its high rates of gun ownership and gun violence are notable when compared to other developed countries.",3/09,-9.572817
8,What is the gun show loophole and how does it impact gun control efforts?,"The ""gun show loophole"" is a term used to describe the exemption of certain gun sales from federal background checks. Under current federal law, licensed gun dealers are required to conduct background checks on anyone purchasing a firearm, regardless of whether the sale occurs at a gun show or a store. However, unlicensed sellers, including those who sell guns at gun shows, are not required to conduct background checks.

This loophole makes it possible for individuals who would not pass a background check to obtain firearms through private sales, which are common at gun shows. Gun control advocates argue that this loophole allows criminals and other prohibited individuals to obtain firearms easily, while supporters of gun rights argue that private sales are a key component of the right to bear arms.

Efforts to close the gun show loophole have been a key component of many gun control proposals. Supporters of closing the loophole argue that it would help prevent firearms from falling into the hands of criminals and other prohibited individuals, while opponents argue that it would impose an unnecessary burden on law-abiding gun owners.

Several states have passed laws that require background checks for all gun sales, including those that occur at gun shows. However, there is currently no federal law requiring universal background checks, and the gun show loophole remains a controversial issue in the ongoing debate over gun control.",3/09,11.639312
9,"What are ""red flag"" laws and how do they relate to gun control?","""Red flag"" laws are a type of gun control policy that allows family members, law enforcement officers, and other individuals to petition a court to temporarily remove firearms from someone who is believed to be a danger to themselves or others.

These laws typically require the petitioner to provide evidence that the individual in question poses a threat, such as evidence of a history of violence or threats of violence. If the court determines that the evidence supports the petition, it can issue a temporary order that requires the individual to surrender their firearms. The order can then be extended or lifted based on the outcome of a hearing.

Red flag laws have been advocated as a way to prevent mass shootings and other acts of gun violence by allowing family members and law enforcement officers to intervene before a violent incident occurs. They have also been criticized by some gun rights advocates as a violation of due process and a threat to Second Amendment rights.

As of 2021, 19 states and the District of Columbia have enacted some form of red flag law. While the specifics of each law vary, they all share the goal of temporarily removing firearms from individuals who are believed to pose a threat to themselves or others.",3/09,3.955955
10,What is the impact of mental health on gun violence and gun control policies?,"The impact of mental health on gun violence and gun control policies is a complex issue that has been debated extensively by policymakers, advocates, and experts. While mental illness is often cited as a factor in mass shootings and other acts of gun violence, research suggests that the link between mental illness and gun violence is more nuanced than many people believe.

First, it is important to note that the vast majority of people with mental illness do not commit acts of gun violence. Studies have shown that only a small percentage of violent acts are committed by people with mental illness, and that people with mental illness are more likely to be victims of violence than perpetrators.

That being said, there is evidence to suggest that certain mental health conditions, such as severe depression, bipolar disorder, and schizophrenia, can increase the risk of violence. People with these conditions may be more likely to commit acts of violence if they have access to firearms.

In terms of gun control policies, mental health has been a key issue in debates over background checks and red flag laws. Advocates of these policies argue that they can help prevent people with mental illness from obtaining firearms or can help identify individuals who may be at risk of committing acts of violence. However, opponents of these policies argue that they can stigmatize people with mental illness and may not be effective in preventing gun violence.

Overall, while mental health is an important factor to consider in the ongoing debate over gun violence and gun control, it is important to avoid stigmatizing people with mental illness and to recognize that the vast majority of people with mental illness do not pose a threat to themselves or others.",3/09,-6.50032
11,What are assault weapons and how are they regulated?,"Assault weapons are semi-automatic firearms that are designed to look and function similarly to military-style weapons. These guns are capable of firing rapidly and can accept high-capacity magazines, which can hold many rounds of ammunition.

The regulation of assault weapons in the United States has been a contentious issue. While there is no clear legal definition of an ""assault weapon,"" several states and the federal government have passed laws that regulate the sale, possession, and use of these firearms.

The 1994 Federal Assault Weapons Ban, which expired in 2004, banned the manufacture, sale, and possession of certain types of semi-automatic firearms and magazines that could hold more than 10 rounds of ammunition. However, the law contained several loopholes, and it did not apply to firearms that were already in circulation at the time it was enacted.

Since the expiration of the federal ban, several states have passed their own laws regulating assault weapons. These laws vary in their specifics, but they generally ban certain types of semi-automatic firearms and high-capacity magazines, and may require background checks, registration, or permits for possession.

Opponents of assault weapon bans argue that these laws unfairly target law-abiding gun owners and do not effectively address the problem of gun violence. Supporters argue that they are necessary to prevent mass shootings and other acts of gun violence.

Overall, the regulation of assault weapons in the United States is a contentious issue that reflects the ongoing debate over gun control and the Second Amendment.",3/09,0.039711
12,How do gun control laws impact the rights of responsible gun owners?,"The impact of gun control laws on the rights of responsible gun owners is a subject of much debate. While proponents of gun control argue that such laws are necessary to prevent gun violence and protect public safety, opponents argue that they infringe on the Second Amendment rights of law-abiding citizens.

The specific impact of gun control laws on responsible gun owners depends on the nature of the law in question. For example, background checks and waiting periods may be seen as reasonable restrictions on gun ownership that do not significantly impede the rights of responsible gun owners. However, other types of gun control laws, such as bans on certain types of firearms or magazines, may be seen as more onerous and may have a greater impact on the rights of responsible gun owners.

In general, responsible gun owners are not the primary target of gun control laws. Most gun control laws are designed to keep firearms out of the hands of individuals who are deemed to pose a risk to public safety, such as felons, domestic abusers, and individuals with a history of mental illness. However, some gun owners may feel that gun control laws are overly restrictive or unfairly target law-abiding citizens.

Overall, the impact of gun control laws on responsible gun owners is a complex issue that reflects the ongoing debate over the appropriate balance between gun rights and public safety.



",3/09,10.655947
13,What is the relationship between gun ownership and self-defense?,"The relationship between gun ownership and self-defense is a contentious issue that is often debated in discussions about gun control and Second Amendment rights. Supporters of gun ownership argue that owning a firearm is a fundamental right that allows individuals to protect themselves and their families from harm, while opponents argue that the risks associated with firearm ownership outweigh the potential benefits.

There is some evidence to suggest that firearms can be used for self-defense. According to a study by the National Academies of Sciences, Engineering, and Medicine, there is some evidence to suggest that firearms are used for self-defense in a small percentage of violent incidents, and that individuals who use firearms in self-defense are less likely to be injured or killed than those who use other forms of self-defense.

However, the risks associated with firearm ownership must also be considered. Studies have shown that individuals who own firearms are more likely to die by suicide or to be the victim of accidental shootings, and that the presence of a firearm in the home increases the risk of domestic violence.

Overall, the relationship between gun ownership and self-defense is a complex issue that requires a careful weighing of the potential benefits and risks. While firearms can be used for self-defense, it is important to consider the potential dangers associated with firearm ownership and to take steps to minimize these risks.",3/09,0.921271
14,How does the availability of guns impact suicide rates in the United States?,"The availability of guns has been linked to higher rates of suicide in the United States. According to the National Institute of Mental Health, suicide is the tenth leading cause of death in the United States, and firearms are the most commonly used method of suicide.

Studies have consistently shown that individuals who have access to firearms are at a higher risk of dying by suicide. One study published in the New England Journal of Medicine found that states with higher rates of gun ownership had higher rates of firearm suicide, while states with lower rates of gun ownership had lower rates of firearm suicide.

There are several factors that may explain the link between guns and suicide. Firearms are a particularly lethal method of suicide, and individuals who attempt suicide with a firearm are much more likely to die than those who attempt suicide by other methods. Additionally, research has shown that individuals who own firearms are more likely to experience suicidal thoughts, and that the presence of a firearm in the home can increase the risk of suicide for other members of the household.

Overall, the availability of guns in the United States is a significant factor in the high rate of suicide in the country. Addressing this issue may require a combination of measures, including increasing access to mental health services, implementing safe storage laws, and enacting stricter gun control measures.",3/09,-5.082906
15,What is the role of background checks in gun control policies?,"Background checks are a key tool in gun control policies that aim to keep firearms out of the hands of individuals who are deemed to pose a risk to public safety. Background checks involve an examination of an individual's criminal history, mental health history, and other factors that may disqualify them from owning a firearm.

In the United States, federal law requires licensed firearms dealers to conduct background checks on prospective buyers before transferring a firearm. This requirement applies to sales made at gun stores, online, and at gun shows. The background check system is administered by the FBI's National Instant Criminal Background Check System (NICS).

Background checks are designed to prevent individuals who are prohibited from owning firearms from obtaining them. Prohibited individuals include convicted felons, domestic abusers, individuals with a history of mental illness, and others who are deemed to pose a risk to public safety. By requiring background checks, gun control policies aim to prevent these individuals from obtaining firearms and committing acts of violence.

The effectiveness of background checks in preventing gun violence is a subject of debate. While studies have shown that background checks can reduce firearm homicides, there are also concerns that some individuals may be able to obtain firearms through private sales or other means that do not require background checks. Additionally, there are concerns that the background check system may not be fully effective in identifying individuals who are prohibited from owning firearms.

Overall, background checks are a key tool in gun control policies that aim to prevent individuals who are deemed to pose a risk to public safety from obtaining firearms. While the effectiveness of background checks in reducing gun violence is a subject of debate, they remain an important component of efforts to promote public safety and reduce gun violence.",3/09,1.494825
16,What is the Gun-Free School Zones Act and how does it relate to gun control?,"The Gun-Free School Zones Act is a federal law that was passed in 1990 as part of the Crime Control Act. The law makes it illegal for individuals to possess firearms in or around schools, with some limited exceptions. The law applies to all schools, including elementary schools, secondary schools, and colleges.

The Gun-Free School Zones Act is a key component of gun control policies that aim to keep firearms out of schools and to protect students and faculty from gun violence. The law prohibits individuals from bringing firearms onto school property or within 1,000 feet of school property, with certain exceptions for law enforcement officers and individuals with a valid concealed carry permit.

The law has been the subject of controversy and legal challenges. In 1995, the Supreme Court struck down the original version of the law, finding that it exceeded Congress's authority under the Commerce Clause of the Constitution. However, in 1996, Congress passed a revised version of the law that addressed the Court's concerns and has remained in effect since then.

The Gun-Free School Zones Act is one of several federal laws that regulate firearms and aim to reduce gun violence. While the law has been criticized by some who argue that it infringes on Second Amendment rights, others argue that it is a necessary measure to protect students and faculty from gun violence in schools.",3/09,2.529952
17,What is the impact of gun violence on communities of color?,"Gun violence has a significant impact on communities of color in the United States. These communities are disproportionately affected by gun violence, both in terms of the number of shootings and the severity of their impact.

According to the Centers for Disease Control and Prevention (CDC), firearm homicide rates among Black Americans are significantly higher than rates among other racial and ethnic groups. In addition, gun violence is a leading cause of death for Black men and boys aged 15-34.

There are a number of factors that contribute to the disproportionate impact of gun violence on communities of color. These include poverty, lack of access to education and job opportunities, and systemic racism and discrimination. These factors can lead to high levels of stress, trauma, and community violence, which in turn contribute to the risk of gun violence.

Gun violence in communities of color can also have long-lasting effects on individuals and families. Survivors of gun violence may suffer from physical injuries, PTSD, and other psychological trauma. Family members and loved ones may also suffer from the loss of a loved one, which can have a profound impact on their mental health and well-being.

Efforts to address gun violence in the United States must take into account the disproportionate impact of gun violence on communities of color. This requires a comprehensive approach that addresses the root causes of gun violence, including poverty, lack of opportunity, and systemic racism. It also requires policies that aim to reduce access to firearms in these communities and that promote community-based solutions to reduce violence and promote public safety.",3/09,"<!DOCTYPE html>
<!--[if lt IE 7]> <html class=""no-js ie6 oldie"" lang=""en-US""> <![endif]-->
<!--[if IE 7]>    <html class=""no-js ie7 oldie"" lang=""en-US""> <![endif]-->
<!--[if IE 8]>    <html class=""no-js ie8 oldie"" lang=""en-US""> <![endif]-->
<!--[if gt IE 8]><!--> <html class=""no-js"" lang=""en-US""> <!--<![endif]-->
<head>
<meta http-equiv=""refresh"" content=""0"">

<title>api.thebipartisanpress.com | 502: Bad gateway</title>
<meta charset=""UTF-8"" />
<meta http-equiv=""Content-Type"" content=""text/html; charset=UTF-8"" />
<meta http-equiv=""X-UA-Compatible"" content=""IE=Edge"" />
<meta name=""robots"" content=""noindex, nofollow"" />
<meta name=""viewport"" content=""width=device-width,initial-scale=1"" />
<link rel=""stylesheet"" id=""cf_styles-css"" href=""/cdn-cgi/styles/main.css"" />


</head>
<body>
<div id=""cf-wrapper"">

    

    <div id=""cf-error-details"" class=""p-0"">
        <header class=""mx-auto pt-10 lg:pt-6 lg:px-8 w-240 lg:w-full mb-8"">
            <h1 class=""inline-block sm:block sm:mb-2 font-light text-60 lg:text-4xl text-black-dark leading-tight mr-2"">
              
              <span class=""inline-block"">Bad gateway</span>
              <span class=""code-label"">Error code 502</span>
            </h1>
            <div>
               Visit <a href=""https://www.cloudflare.com/5xx-error-landing?utm_source=errorcode_502&utm_campaign=api.thebipartisanpress.com"" target=""_blank"" rel=""noopener noreferrer"">cloudflare.com</a> for more information.
            </div>
            <div class=""mt-3"">2023-03-10 02:33:03 UTC</div>
        </header>
        
        <div class=""my-8 bg-gradient-gray"">
            <div class=""w-240 lg:w-full mx-auto"">
                <div class=""clearfix md:px-8"">
                  
<div id=""cf-browser-status"" class="" relative w-1/3 md:w-full py-15 md:p-0 md:py-8 md:text-left md:border-solid md:border-0 md:border-b md:border-gray-400 overflow-hidden float-left md:float-none text-center"">
  <div class=""relative mb-10 md:m-0"">
    
    <span class=""cf-icon-browser block md:hidden h-20 bg-center bg-no-repeat""></span>
    <span class=""cf-icon-ok w-12 h-12 absolute left-1/2 md:left-auto md:right-0 md:top-0 -ml-6 -bottom-4""></span>
    
  </div>
  <span class=""md:block w-full truncate"">You</span>
  <h3 class=""md:inline-block mt-3 md:mt-0 text-2xl text-gray-600 font-light leading-1.3"">
    
    Browser
    
  </h3>
  <span class=""leading-1.3 text-2xl text-green-success"">Working</span>
</div>

<div id=""cf-cloudflare-status"" class="" relative w-1/3 md:w-full py-15 md:p-0 md:py-8 md:text-left md:border-solid md:border-0 md:border-b md:border-gray-400 overflow-hidden float-left md:float-none text-center"">
  <div class=""relative mb-10 md:m-0"">
    <a href=""https://www.cloudflare.com/5xx-error-landing?utm_source=errorcode_502&utm_campaign=api.thebipartisanpress.com"" target=""_blank"" rel=""noopener noreferrer"">
    <span class=""cf-icon-cloud block md:hidden h-20 bg-center bg-no-repeat""></span>
    <span class=""cf-icon-ok w-12 h-12 absolute left-1/2 md:left-auto md:right-0 md:top-0 -ml-6 -bottom-4""></span>
    </a>
  </div>
  <span class=""md:block w-full truncate"">San Jose</span>
  <h3 class=""md:inline-block mt-3 md:mt-0 text-2xl text-gray-600 font-light leading-1.3"">
    <a href=""https://www.cloudflare.com/5xx-error-landing?utm_source=errorcode_502&utm_campaign=api.thebipartisanpress.com"" target=""_blank"" rel=""noopener noreferrer"">
    Cloudflare
    </a>
  </h3>
  <span class=""leading-1.3 text-2xl text-green-success"">Working</span>
</div>

<div id=""cf-host-status"" class=""cf-error-source relative w-1/3 md:w-full py-15 md:p-0 md:py-8 md:text-left md:border-solid md:border-0 md:border-b md:border-gray-400 overflow-hidden float-left md:float-none text-center"">
  <div class=""relative mb-10 md:m-0"">
    
    <span class=""cf-icon-server block md:hidden h-20 bg-center bg-no-repeat""></span>
    <span class=""cf-icon-error w-12 h-12 absolute left-1/2 md:left-auto md:right-0 md:top-0 -ml-6 -bottom-4""></span>
    
  </div>
  <span class=""md:block w-full truncate"">api.thebipartisanpress.com</span>
  <h3 class=""md:inline-block mt-3 md:mt-0 text-2xl text-gray-600 font-light leading-1.3"">
    
    Host
    
  </h3>
  <span class=""leading-1.3 text-2xl text-red-error"">Error</span>
</div>

                </div>
              
            </div>
        </div>

        <div class=""w-240 lg:w-full mx-auto mb-8 lg:px-8"">
            <div class=""clearfix"">
                <div class=""w-1/2 md:w-full float-left pr-6 md:pb-10 md:pr-0 leading-relaxed"">
                    <h2 class=""text-3xl font-normal leading-1.3 mb-4"">What happened?</h2>
                    <p>The web server reported a bad gateway error.</p>
                </div>
              
                <div class=""w-1/2 md:w-full float-left leading-relaxed"">
                    <h2 class=""text-3xl font-normal leading-1.3 mb-4"">What can I do?</h2>
                    <p class=""mb-6"">Please try again in a few minutes.</p>
                </div>
            </div>
              
        </div>

        <div class=""cf-error-footer cf-wrapper w-240 lg:w-full py-10 sm:py-4 sm:px-8 mx-auto text-center sm:text-left border-solid border-0 border-t border-gray-300"">
  <p class=""text-13"">
    <span class=""cf-footer-item sm:block sm:mb-1"">Cloudflare Ray ID: <strong class=""font-semibold"">7a582686c67fce50</strong></span>
    <span class=""cf-footer-separator sm:hidden"">&bull;</span>
    <span id=""cf-footer-item-ip"" class=""cf-footer-item hidden sm:block sm:mb-1"">
      Your IP:
      <button type=""button"" id=""cf-footer-ip-reveal"" class=""cf-footer-ip-reveal-btn"">Click to reveal</button>
      <span class=""hidden"" id=""cf-footer-ip"">98.42.118.4</span>
      <span class=""cf-footer-separator sm:hidden"">&bull;</span>
    </span>
    <span class=""cf-footer-item sm:block sm:mb-1""><span>Performance &amp; security by</span> <a rel=""noopener noreferrer"" href=""https://www.cloudflare.com/5xx-error-landing?utm_source=errorcode_502&utm_campaign=api.thebipartisanpress.com"" id=""brand_link"" target=""_blank"">Cloudflare</a></span>
    
  </p>
  <script>(function(){function d(){var b=a.getElementById(""cf-footer-item-ip""),c=a.getElementById(""cf-footer-ip-reveal"");b&&""classList""in b&&(b.classList.remove(""hidden""),c.addEventListener(""click"",function(){c.classList.add(""hidden"");a.getElementById(""cf-footer-ip"").classList.remove(""hidden"")}))}var a=document;document.addEventListener&&a.addEventListener(""DOMContentLoaded"",d)})();</script>
</div><!-- /.error-footer -->


    </div>
</div>
<script defer src=""https://static.cloudflareinsights.com/beacon.min.js/vaafb692b2aea4879b33c060e79fe94621666317369993"" integrity=""sha512-0ahDYl866UMhKuYcW078ScMalXqtFJggm7TmlUtp0UlD4eQk0Ixfnm5ykXKvGJNFjLMoortdseTfsRT8oCfgGA=="" data-cf-beacon='{""rayId"":""7a582686bac7ce50"",""version"":""2023.2.0"",""r"":1,""token"":""aae773ebdda84f628a8598e9a8361ee8"",""si"":100}' crossorigin=""anonymous""></script>
</body>
</html>

"
18,What is the relationship between domestic violence and gun ownership?,"There is a strong relationship between domestic violence and gun ownership. Research has shown that individuals with a history of domestic violence are more likely to own firearms and to use them in acts of violence against their partners or family members.

According to the National Coalition Against Domestic Violence, women in the United States are 11 times more likely to be killed with a firearm than women in other high-income countries. In fact, more than half of all women who are killed by intimate partners in the U.S. are killed with a firearm.

Studies have also found that when firearms are present in a home where there is domestic violence, the risk of homicide for women is five times higher. This is because the presence of a firearm can escalate the violence and make it more deadly.

Federal law prohibits individuals who have been convicted of domestic violence from owning firearms, but this law has loopholes and is not always enforced. In addition, many states do not have laws that require individuals who are subject to domestic violence protective orders to surrender their firearms.

Efforts to reduce domestic violence must include measures to address the link between domestic violence and gun ownership. This includes enforcing existing laws that prohibit domestic abusers from owning firearms, and implementing policies that require individuals subject to domestic violence protective orders to surrender their firearms. It also requires a cultural shift in how we view and respond to domestic violence, including increased education and awareness-raising about the dangers of domestic violence and the role of firearms in domestic violence incidents.",3/09,-7.263866
19,How have mass shootings impacted the gun control debate in the United States?,"Mass shootings have had a significant impact on the gun control debate in the United States. These high-profile incidents, which typically involve multiple victims and capture national attention, have increased public awareness of the issue of gun violence and fueled calls for stricter gun control laws.

After mass shootings, there is often a surge in public support for gun control measures such as expanded background checks, restrictions on assault weapons, and other policies aimed at reducing access to firearms. However, there are also strong political and ideological divisions on the issue of gun control in the United States, and efforts to enact stricter gun control measures have often faced opposition from pro-gun advocacy groups, such as the National Rifle Association (NRA), and their supporters.

Despite the public outcry and calls for action after mass shootings, there have been limited legislative changes at the federal level. While some states have enacted stricter gun control measures in the wake of mass shootings, others have taken steps to expand access to firearms, citing the need for self-defense and protection of Second Amendment rights.

The ongoing debate over gun control and mass shootings in the United States reflects deep-seated differences in American culture and values, and highlights the complex political and legal issues involved in addressing the issue of gun violence.",3/09,-5.357028
20,What is the likelihood of meaningful gun control legislation being passed in the near future?,"The likelihood of meaningful gun control legislation being passed in the near future in the United States is difficult to predict. While there is widespread public support for certain gun control measures, such as expanded background checks and restrictions on high-capacity magazines, there is also strong opposition to such measures from pro-gun advocacy groups and their supporters.

The current political climate in the United States is also complex, with a closely divided Congress and a polarized electorate. While some lawmakers and advocacy groups are pushing for stricter gun control measures, others are pushing for expanded access to firearms, arguing that gun ownership is a fundamental right protected by the Second Amendment.

Recent mass shootings have increased public pressure on lawmakers to take action on gun control, but it remains to be seen whether such pressure will translate into legislative action. In the past, efforts to pass gun control legislation at the federal level have been stalled by political gridlock and opposition from pro-gun groups.

However, some states have taken action on their own to enact stricter gun control measures, and there is growing momentum behind efforts to enact meaningful gun control legislation at the federal level. The ultimate outcome will depend on a variety of factors, including public opinion, political will, and the ability of advocates on both sides of the issue to shape the debate.



",3/09,-6.884287
